Workbook

Sheet Summary 
B2: Over all summary -Mar-26
B3: Group | C3: A1 | D3: A2 | E3: A3 | F3: G1 | G3: G2 | H3: G3 | I3: G4 | J3: G5 | K3: G6 | L3: G7 | M3: G8 | N3: KMC | O3: PED | P3: PED-Auto | Q3: Total | Y3: Groupwise weekly summary
B4: Month Target | C4: 27096 | D4: 28980 | E4: 25836 | F4: 50232 | G4: 45460 | H4: 50232 | I4: 50232 | J4: 47972 | K4: 50232 | L4: 50232 | M4: 50232 | O4: 6900 | P4: 12190 | Q4: =SUM(C4:P4) -> 495826 | S4: No of days | BH4: Month target
B5: Day Target | C5: =C4/T6 -> 1204.2667 | D5: =D4/$T$6 -> 1288 | E5: =E4/$T$6 -> 1148.2667 | F5: =F4/$T$6 -> 2232.5333 | G5: =G4/$T$6 -> 2020.4444 | H5: =H4/$T$6 -> 2232.5333 | I5: =I4/$T$6 -> 2232.5333 | J5: =J4/$T$6 -> 2132.0889 | K5: =K4/$T$6 -> 2232.5333 | ... P5: =P4/$T$6 -> 541.77778 | Q5: =SUM(C5:P5) -> 22036.711 | Y5: Week 1 | BJ5: Group | BK5: A1 | BL5: A2 | BM5: A3 | BN5: G1 | BO5: G2 | BP5: G3 | BQ5: G4 | BR5: G5 | BS5: G6 | BT5: G7 | BU5: G8 | BV5: PED | BW5: No of days for week | BX5: Bal for month
B6: Opening WIP | C6: 3591 | D6: 4037.25 | E6: 2606.75 | F6: 3110.5 | G6: 4540.5 | H6: 2856.75 | I6: 3292.75 | J6: 3806.5 | K6: 3869.25 | L6: 4417.25 | M6: 4219.75 | N6: 4475 | O6: 4524.5 | P6: 2625.5 | Q6: =SUM(C6:P6) -> 51973.25 | S6: Total Days | T6: 22.5 | AP6: Week 1 | AS6: Week 2 | AV6: Week 3 | AY6: Week 4 | BJ6: Month target | BK6: =C4 -> 27096 | BL6: =D4 -> 28980 | BM6: =E4 -> 25836 | BN6: =F4 -> 50232 | BO6: =G4 -> 45460 | BP6: =H4 -> 50232 | BQ6: =I4 -> 50232 | BR6: =J4 -> 47972 | ... BU6: =M4 -> 50232 | BV6: =O4 -> 6900
B7: Fresh input | C7: =SUMIF('Input '!P2:AB2,'Summary '!C3,'Input '!P1:AB1) -> 22844 | D7: =SUMIF('Input '!Q2:AC2,'Summary '!D3,'Input '!Q1:AC1) -> 21993 | E7: =SUMIF('Input '!R2:AD2,'Summary '!E3,'Input '!R1:AD1) -> 21182 | F7: =SUMIF('Input '!S2:AE2,'Summary '!F3,'Input '!S1:AE1) -> 40287 | G7: =SUMIF('Input '!T2:AF2,'Summary '!G3,'Input '!T1:AF1) -> 39597 | H7: =SUMIF('Input '!U2:AG2,'Summary '!H3,'Input '!U1:AG1) -> 38817 | I7: =SUMIF('Input '!V2:AH2,'Summary '!I3,'Input '!V1:AH1) -> 43103 | J7: =SUMIF('Input '!W2:AI2,'Summary '!J3,'Input '!W1:AI1) -> 39778 | ... P7: =SUMIF('Input '!AC2:AO2,'Summary '!P3,'Input '!AC1:AO1) -> 0 | Q7: =SUM(C7:P7) -> 410983 | S7: Comp days | T7: 22.5 | Y7: Group | Z7: A1 | AA7: A2 | AB7: A3 | AC7: G1 | AD7: G2 | AE7: G3 | AF7: G4 | AG7: G5 | AH7: G6 | AI7: G7 | AJ7: G8 | AK7: PED | AO7: Group | AP7: Add on | AQ7: Regular | AR7: PED | AS7: Add on | AT7: Regular | AU7: PED | AV7: Add on | AW7: Regular | AX7: PED | AY7: Add on | AZ7: Regular | BA7: PED | BI7: Week 1 | BJ7: Target | BK7: =C5*$BW$7 -> 4817.0667 | BL7: =D5*$BW$7 -> 5152 | BM7: =E5*$BW$7 -> 4593.0667 | BN7: =F5*$BW$7 -> 8930.1333 | BO7: =G5*$BW$7 -> 8081.7778 | BP7: =H5*$BW$7 -> 8930.1333 | BQ7: =I5*$BW$7 -> 8930.1333 | BR7: =J5*$BW$7 -> 8528.3556 | ... BU7: =M5*$BW$7 -> 8930.1333 | BV7: =O5*$BW$7 -> 1226.6667 | BW7: 4 | BX7: 23
B8: Input Rate | C8: =C7/$T$7 -> 1015.2889 | D8: =D7/$T$7 -> 977.46667 | E8: =E7/$T$7 -> 941.42222 | F8: =F7/$T$7 -> 1790.5333 | G8: =G7/$T$7 -> 1759.8667 | H8: =H7/$T$7 -> 1725.2 | I8: =I7/$T$7 -> 1915.6889 | J8: =J7/$T$7 -> 1767.9111 | ... P8: =P7/$T$7 -> 0 | Q8: =SUM(C8:P8) -> 18265.911 | S8: Bal days | T8: =T6-T7 -> 0 | Y8: Target | Z8: =BK7 -> 4817.0667 | AA8: =BL7 -> 5152 | AB8: =BM7 -> 4593.0667 | AC8: =BN7 -> 8930.1333 | AD8: =BO7 -> 8081.7778 | AE8: =BP7 -> 8930.1333 | AF8: =BQ7 -> 8930.1333 | AG8: =BR7 -> 8528.3556 | ... AK8: =BV7 -> 1226.6667 | AO8: Target | AP8: =Z8+AA8+AB8 -> 14562.133 | AQ8: =AC8+AD8+AE8+AF8+AG8+AH8+AI8+AJ8 -> 70190.933 | AR8: =AK8 -> 1226.6667 | AS8: =SUM(Z25:AB25) -> 21841.263 | AT8: =SUM(AC25:AJ25) -> 103803.16 | AU8: =AK25 -> 1268.8421 | AV8: =SUM(#REF!) -> #REF! | AW8: =SUM(#REF!) -> #REF! | AX8: =#REF! -> #REF! | AY8: =SUM(#REF!) -> #REF! | AZ8: =SUM(#REF!) -> #REF! | BA8: =#REF! -> #REF! | BJ8: Actual | BK8: ='Output '!AA4 -> 4006 | BL8: ='Output '!AB4 -> 4368 | BM8: ='Output '!AC4 -> 4374 | BN8: ='Output '!AD4 -> 8782 | BO8: ='Output '!AE4 -> 6892 | BP8: ='Output '!AF4 -> 9686 | BQ8: ='Output '!AG4 -> 10177 | BR8: ='Output '!AH4 -> 7112 | ... BU8: ='Output '!AK4 -> 6694 | BV8: ='Output '!AM4 -> 2882
B9: Stripping Qty | C9: ='Returns '!C4 -> 146 | D9: ='Returns '!D4 -> 157 | E9: ='Returns '!E4 -> 52 | F9: ='Returns '!F4 -> 152 | G9: ='Returns '!G4 -> 38 | H9: ='Returns '!H4 -> 159 | I9: ='Returns '!I4 -> 150 | J9: ='Returns '!J4 -> 111 | ... N9: ='Returns '!N4 -> 114 | O9: ='Returns '!N4 -> 114 | P9: ='Returns '!P4 -> 0 | Q9: =SUM(C9:P9) -> 1757 | Y9: Opening Wip | Z9: ='WIP '!S21 -> 3.591 | AA9: ='WIP '!T21 -> 4.03725 | AB9: ='WIP '!U21 -> 2.60675 | AC9: ='WIP '!V21 -> 3.1105 | AD9: ='WIP '!W21 -> 4.5405 | AE9: ='WIP '!X21 -> 2.85675 | AF9: ='WIP '!Y21 -> 3.29275 | AG9: ='WIP '!Z21 -> 3.8065 | ... AK9: ='WIP '!AD21 -> 4.475 | AO9: Opening Wip | AP9: =Z9+AA9+AB9 -> 10.235 | AQ9: =AC9+AD9+AE9+AF9+AG9+AH9+AI9+AJ9 -> 30.11325 | AR9: =AK9 -> 4.475 | AS9: =SUM(Z26:AB26) -> 11.829714 | AT9: =SUM(AC26:AJ26) -> 31.491857 | AU9: =AK26 -> 1.72 | AV9: =SUM(#REF!) -> #REF! | AW9: =SUM(#REF!) -> #REF! | AX9: =#REF! -> #REF! | AY9: =SUM(#REF!) -> #REF! | AZ9: =SUM(#REF!) -> #REF! | BA9: =#REF! -> #REF! | BJ9: Balance | BK9: =BK7-BK8 -> 811.06667 | BL9: =BL7-BL8 -> 784 | BM9: =BM7-BM8 -> 219.06667 | BN9: =BN7-BN8 -> 148.13333 | BO9: =BO7-BO8 -> 1189.7778 | BP9: =BP7-BP8 -> -755.86667 | BQ9: =BQ7-BQ8 -> -1246.8667 | BR9: =BR7-BR8 -> 1416.3556 | ... BV9: =BV7-BV8 -> -1655.3333
B10: Stripping Rate | C10: =C9/$T$7 -> 6.4888889 | D10: =D9/$T$7 -> 6.9777778 | E10: =E9/$T$7 -> 2.3111111 | F10: =F9/$T$7 -> 6.7555556 | G10: =G9/$T$7 -> 1.6888889 | H10: =H9/$T$7 -> 7.0666667 | I10: =I9/$T$7 -> 6.6666667 | J10: =J9/$T$7 -> 4.9333333 | ... P10: =P9/$T$7 -> 0 | Q10: =SUM(C10:P10) -> 78.088889 | S10: For Simple | T10: =T8-1 -> -1 | Y10: Fresh input | Z10: ='Input '!AG3 -> 3998 | AA10: ='Input '!AH3 -> 4356 | AB10: ='Input '!AI3 -> 4102 | AC10: ='Input '!AJ3 -> 7308 | AD10: ='Input '!AK3 -> 7329 | AE10: ='Input '!AL3 -> 7300 | AF10: ='Input '!AM3 -> 7391 | AG10: ='Input '!AN3 -> 7179 | ... AJ10: ='Input '!AQ3 -> 8047 | AK10: ='Input '!AS3 -> 5414 | AO10: Fresh input | AP10: =Z10+AA10+AB10 -> 12456 | AQ10: =AC10+AD10+AE10+AF10+AG10+AH10+AI10+AJ10 -> 61475 | AR10: =AK10 -> 5414 | AS10: =SUM(Z27:AB27) -> 23685 | AT10: =SUM(AC27:AJ27) -> 120855 | AU10: =AK27 -> 2618 | AV10: =SUM(#REF!) -> #REF! | AW10: =SUM(#REF!) -> #REF! | AX10: =#REF! -> #REF! | AY10: =SUM(#REF!) -> #REF! | AZ10: =SUM(#REF!) -> #REF! | BA10: =#REF! -> #REF! | BJ10: Bal for month | BK10: =BK6-BK8 -> 23090 | BL10: =BL6-BL8 -> 24612 | BM10: =BM6-BM8 -> 21462 | BN10: =BN6-BN8 -> 41450 | BO10: =BO6-BO8 -> 38568 | BP10: =BP6-BP8 -> 40546 | BQ10: =BQ6-BQ8 -> 40055 | BR10: =BR6-BR8 -> 40860 | ... BV10: =BV6-BV8 -> 4018
B11: Return Qty | C11: ='Returns '!C41 -> 92 | D11: ='Returns '!D41 -> 54 | E11: ='Returns '!E41 -> 13 | F11: ='Returns '!F41 -> 70 | G11: ='Returns '!G41 -> 0 | H11: ='Returns '!H41 -> 0 | I11: ='Returns '!I41 -> 149 | J11: ='Returns '!J41 -> 35 | ... N11: ='Returns '!N41 -> 0 | O11: ='Returns '!P41 -> 0 | P11: ='Returns '!Q41 -> 0 | Q11: =SUM(C11:P11) -> 477 | S11: For Add on | T11: =T8-2 -> -2 | Y11: Returns | Z11: ='Returns '!T41 -> 92 | AA11: ='Returns '!U41 -> 54 | AB11: ='Returns '!V41 -> 13 | AC11: ='Returns '!W41 -> 70 | AD11: ='Returns '!X41 -> 0 | AE11: ='Returns '!Y41 -> 0 | AF11: ='Returns '!Z41 -> 149 | AG11: ='Returns '!AA41 -> 35 | ... AK11: ='Returns '!AE41 -> 0 | AO11: Returns | AP11: =Z11+AA11+AB11 -> 159 | AQ11: =AC11+AD11+AE11+AF11+AG11+AH11+AI11+AJ11 -> 318 | AR11: =AK11 -> 0 | AS11: =SUM(Z28:AB28) -> 0 | AT11: =SUM(AC28:AJ28) -> 0 | AU11: =AK28 -> 0 | AV11: =SUM(#REF!) -> #REF! | AW11: =SUM(#REF!) -> #REF! | AX11: =#REF! -> #REF! | AY11: =SUM(#REF!) -> #REF! | AZ11: =SUM(#REF!) -> #REF! | BA11: =#REF! -> #REF! | BJ11: Day rate Req | BK11: =BK10/$BX$12 -> 1215.2632 | BL11: =BL10/$BX$12 -> 1295.3684 | BM11: =BM10/$BX$12 -> 1129.5789 | BN11: =BN10/$BX$12 -> 2181.5789 | BO11: =BO10/$BX$12 -> 2029.8947 | BP11: =BP10/$BX$12 -> 2134 | BQ11: =BQ10/$BX$12 -> 2108.1579 | BR11: =BR10/$BX$12 -> 2150.5263 | ... BV11: =BV10/$BX$12 -> 211.47368
B12: Returns Rate | C12: =C11/$T$7 -> 4.0888889 | D12: =D11/$T$7 -> 2.4 | E12: =E11/$T$7 -> 0.57777778 | F12: =F11/$T$7 -> 3.1111111 | G12: =G11/$T$7 -> 0 | H12: =H11/$T$7 -> 0 | I12: =I11/$T$7 -> 6.6222222 | J12: =J11/$T$7 -> 1.5555556 | ... P12: =P11/$T$7 -> 0 | Q12: =SUM(C12:P12) -> 21.2 | Y12: Convertible WIP | Z12: =(Z9+Z10)-Z11 -> 3909.591 | AA12: =(AA9+AA10)-AA11 -> 4306.0373 | AB12: =(AB9+AB10)-AB11 -> 4091.6067 | AC12: =(AC9+AC10)-AC11 -> 7241.1105 | AD12: =(AD9+AD10)-AD11 -> 7333.5405 | AE12: =(AE9+AE10)-AE11 -> 7302.8567 | AF12: =(AF9+AF10)-AF11 -> 7245.2927 | AG12: =(AG9+AG10)-AG11 -> 7147.8065 | ... AK12: =(AK9+AK10)-AK11 -> 5418.475 | AO12: Con WIP | AP12: =Z12+AA12+AB12 -> 12307.235 | AQ12: =AC12+AD12+AE12+AF12+AG12+AH12+AI12+AJ12 -> 61187.113 | AR12: =AK12 -> 5418.475 | AS12: =SUM(Z29:AB29) -> 23696.83 | AT12: =SUM(AC29:AJ29) -> 120886.49 | AU12: =AK29 -> 2619.72 | AV12: =SUM(#REF!) -> #REF! | AW12: =SUM(#REF!) -> #REF! | AX12: =#REF! -> #REF! | AY12: =SUM(#REF!) -> #REF! | AZ12: =SUM(#REF!) -> #REF! | BA12: =#REF! -> #REF! | BI12: Week 2 | BJ12: Target | BK12: =BK11*$BW$12 -> 7291.5789 | BL12: =BL11*$BW$12 -> 7772.2105 | BM12: =BM11*$BW$12 -> 6777.4737 | BN12: =BN11*$BW$12 -> 13089.474 | BO12: =BO11*$BW$12 -> 12179.368 | BP12: =BP11*$BW$12 -> 12804 | BQ12: =BQ11*$BW$12 -> 12648.947 | BR12: =BR11*$BW$12 -> 12903.158 | ... BV12: =BV11*$BW$12 -> 1268.8421 | BW12: 6 | BX12: =BX7-BW7 -> 19
B13: Scrap Qty | C13: ='Returns '!C73 -> 13 | D13: ='Returns '!D73 -> 57 | E13: ='Returns '!E73 -> 12 | F13: ='Returns '!F73 -> 21 | G13: ='Returns '!G73 -> 5 | H13: ='Returns '!H73 -> 15 | I13: ='Returns '!I73 -> 87 | J13: ='Returns '!J73 -> 0 | ... N13: ='Returns '!N73 -> 5 | O13: ='Returns '!N73 -> 5 | P13: ='Returns '!P73 -> 0 | Q13: =SUM(C13:P13) -> 291 | Y13: Output | Z13: ='Output '!AA4 -> 4006 | AA13: ='Output '!AB4 -> 4368 | AB13: ='Output '!AC4 -> 4374 | AC13: ='Output '!AD4 -> 8782 | AD13: ='Output '!AE4 -> 6892 | AE13: ='Output '!AF4 -> 9686 | AF13: ='Output '!AG4 -> 10177 | AG13: ='Output '!AH4 -> 7112 | ... AJ13: ='Output '!AK4 -> 6694 | AK13: ='Output '!AM4 -> 2882 | AO13: Output | AP13: =Z13+AA13+AB13 -> 12748 | AQ13: =AC13+AD13+AE13+AF13+AG13+AH13+AI13+AJ13 -> 66114 | AR13: =AK13 -> 2882 | AS13: =SUM(Z30:AB30) -> 24111 | AT13: =SUM(AC30:AJ30) -> 120507 | AU13: =AK30 -> 5681 | AV13: =SUM(#REF!) -> #REF! | AW13: =SUM(#REF!) -> #REF! | AX13: =#REF! -> #REF! | AY13: =SUM(#REF!) -> #REF! | AZ13: =SUM(#REF!) -> #REF! | BA13: =#REF! -> #REF! | BJ13: Actual | BK13: ='Output '!AA5 -> 7784 | BL13: ='Output '!AB5 -> 8969 | BM13: ='Output '!AC5 -> 7358 | BN13: ='Output '!AD5 -> 15849 | BO13: ='Output '!AE5 -> 13473 | BP13: ='Output '!AF5 -> 15110 | BQ13: ='Output '!AG5 -> 16294 | BR13: ='Output '!AH5 -> 14293 | ... BU13: ='Output '!AK5 -> 14327 | BV13: ='Output '!AM5 -> 5681
B14: Scrap Rate | C14: =C13/$T$7 -> 0.57777778 | D14: =D13/$T$7 -> 2.5333333 | E14: =E13/$T$7 -> 0.53333333 | F14: =F13/$T$7 -> 0.93333333 | G14: =G13/$T$7 -> 0.22222222 | H14: =H13/$T$7 -> 0.66666667 | I14: =I13/$T$7 -> 3.8666667 | J14: =J13/$T$7 -> 0 | ... P14: =P13/$T$7 -> 0 | Q14: =SUM(C14:P14) -> 12.933333 | Y14: Balance | Z14: =Z8-Z13 -> 811.06667 | AA14: =AA8-AA13 -> 784 | AB14: =AB8-AB13 -> 219.06667 | AC14: =AC8-AC13 -> 148.13333 | AD14: =AD8-AD13 -> 1189.7778 | AE14: =AE8-AE13 -> -755.86667 | AF14: =AF8-AF13 -> -1246.8667 | AG14: =AG8-AG13 -> 1416.3556 | ... AK14: =AK8-AK13 -> -1655.3333 | AO14: Balance | AP14: =Z14+AA14+AB14 -> 1814.1333 | AQ14: =AC14+AD14+AE14+AF14+AG14+AH14+AI14+AJ14 -> 4076.9333 | AR14: =AK14 -> -1655.3333 | AS14: =SUM(Z31:AB31) -> -2269.7368 | AT14: =SUM(AC31:AJ31) -> -16703.842 | AU14: =AK31 -> -4412.1579 | AV14: =SUM(#REF!) -> #REF! | AW14: =SUM(#REF!) -> #REF! | AX14: =#REF! -> #REF! | AY14: =SUM(#REF!) -> #REF! | AZ14: =SUM(#REF!) -> #REF! | BA14: =#REF! -> #REF! | BJ14: Balance | BK14: =BK12-BK13 -> -492.42105 | BL14: =BL12-BL13 -> -1196.7895 | BM14: =BM12-BM13 -> -580.52632 | BN14: =BN12-BN13 -> -2759.5263 | BO14: =BO12-BO13 -> -1293.6316 | BP14: =BP12-BP13 -> -2306 | BQ14: =BQ12-BQ13 -> -3645.0526 | BR14: =BR12-BR13 -> -1389.8421 | ... BV14: =BV12-BV13 -> -4412.1579
B15: Bal input | C15: =MAX(C4-((C6+C7)-(C9+C11+C13)),0) -> 912 | D15: =MAX(D4-((D6+D7)-(D9+D11+D13)),0) -> 3217.75 | E15: =MAX(E4-((E6+E7)-(E9+E11+E13)),0) -> 2124.25 | F15: =MAX(F4-((F6+F7)-(F9+F11+F13)),0) -> 7077.5 | G15: =MAX(G4-((G6+G7)-(G9+G11+G13)),0) -> 1365.5 | H15: =MAX(H4-((H6+H7)-(H9+H11+H13)),0) -> 8732.25 | I15: =MAX(I4-((I6+I7)-(I9+I11+I13)),0) -> 4222.25 | J15: =MAX(J4-((J6+J7)-(J9+J11+J13)),0) -> 4533.5 | ... P15: =MAX(P4-((P6+P7)-(P9+P11+P13)),0) -> 9564.5 | Q15: =SUM(C15:P15) -> 61137.25 | Y15: Comp % | Z15: =Z13/Z8 -> 0.83162644 | AA15: =AA13/AA8 -> 0.84782609 | AB15: =AB13/AB8 -> 0.95230492 | AC15: =AC13/AC8 -> 0.98341197 | AD15: =AD13/AD8 -> 0.85278267 | AE15: =AE13/AE8 -> 1.0846423 | AF15: =AF13/AF8 -> 1.1396246 | AG15: =AG13/AG8 -> 0.83392396 | ... AK15: =AK13/AK8 -> 2.3494565 | AO15: Att % | BJ15: Bal for month | BK15: =BK6-(BK8+BK13) -> 15306 | BL15: =BL6-(BL8+BL13) -> 15643 | BM15: =BM6-(BM8+BM13) -> 14104 | BN15: =BN6-(BN8+BN13) -> 25601 | BO15: =BO6-(BO8+BO13) -> 25095 | BP15: =BP6-(BP8+BP13) -> 25436 | BQ15: =BQ6-(BQ8+BQ13) -> 23761 | BR15: =BR6-(BR8+BR13) -> 26567 | ... BV15: =BV6-(BV8+BV13) -> -1663
B16: Bal input Rate | C16: =C15/$T$10 -> -912 | D16: =D15/$T$10 -> -3217.75 | E16: =E15/$T$10 -> -2124.25 | F16: =F15/$T$10 -> -7077.5 | G16: =G15/$T$10 -> -1365.5 | H16: =H15/$T$10 -> -8732.25 | I16: =I15/$T$10 -> -4222.25 | J16: =J15/$T$10 -> -4533.5 | ... P16: =P15/$T$10 -> -9564.5 | Q16: =SUM(C16:P16) -> -61137.25 | Y16: Input Vs Output | Z16: =Z13/Z12 -> 1.0246596 | AA16: =AA13/AA12 -> 1.0143897 | AB16: =AB13/AB12 -> 1.0690177 | AC16: =AC13/AC12 -> 1.2127974 | AD16: =AD13/AD12 -> 0.93979163 | AE16: =AE13/AE12 -> 1.3263303 | AF16: =AF13/AF12 -> 1.4046361 | AG16: =AG13/AG12 -> 0.99499056 | ... AK16: =AK13/AK12 -> 0.53188397 | AO16: Comp % | AP16: =AP13/AP8 -> 0.87542118 | AQ16: =AQ13/AQ8 -> 0.94191652 | AR16: =AR13/AR8 -> 2.3494565 | AS16: =AS13/AS8 -> 1.1039197 | AT16: =AT13/AT8 -> 1.1609184 | AU16: =AU13/AU8 -> 4.4773104 | AV16: =AV13/AV8 -> #REF! | AW16: =AW13/AW8 -> #REF! | ... BA16: =BA13/BA8 -> #REF! | BJ16: Day rate Req | BK16: =BK15/$BX$16 -> 1177.3846 | BL16: =BL15/$BX$16 -> 1203.3077 | BM16: =BM15/$BX$16 -> 1084.9231 | BN16: =BN15/$BX$16 -> 1969.3077 | BO16: =BO15/$BX$16 -> 1930.3846 | BP16: =BP15/$BX$16 -> 1956.6154 | BQ16: =BQ15/$BX$16 -> 1827.7692 | BR16: =BR15/$BX$16 -> 2043.6154 | ... BV16: =BV15/$BX$16 -> -127.92308 | BW16: 7 | BX16: =BX7-(BW12+BW7) -> 13
B17: Total output | C17: =SUMIF('Output '!J3:V3,'Summary '!C3,'Output '!J2:V2) -> 27255 | D17: =SUMIF('Output '!K3:W3,'Summary '!D3,'Output '!K2:W2) -> 28888 | E17: =SUMIF('Output '!L3:X3,'Summary '!E3,'Output '!L2:X2) -> 26211 | F17: =SUMIF('Output '!M3:Y3,'Summary '!F3,'Output '!M2:Y2) -> 49551 | G17: =SUMIF('Output '!N3:Z3,'Summary '!G3,'Output '!N2:Z2) -> 45322 | H17: =SUMIF('Output '!O3:AA3,'Summary '!H3,'Output '!O2:AA2) -> 50100 | I17: =SUMIF('Output '!P3:AB3,'Summary '!I3,'Output '!P2:AB2) -> 50127 | J17: =SUMIF('Output '!Q3:AC3,'Summary '!J3,'Output '!Q2:AC2) -> 46686 | ... P17: =SUMIF('Output '!W3:AI3,'Summary '!P3,'Output '!W2:AI2) -> 0 | Q17: =SUM(C17:P17) -> 483594 | AO17: Output Vs Input | BI17: Week 3 | BJ17: Target | BK17: =BK16*$BW$16 -> 8241.6923 | BL17: =BL16*$BW$16 -> 8423.1538 | BM17: =BM16*$BW$16 -> 7594.4615 | BN17: =BN16*$BW$16 -> 13785.154 | BO17: =BO16*$BW$16 -> 13512.692 | BP17: =BP16*$BW$16 -> 13696.308 | BQ17: =BQ16*$BW$16 -> 12794.385 | BR17: =BR16*$BW$16 -> 14305.308 | ... BV17: =BV16*$BW$16 -> -895.46154
B18: Output Rate | C18: =C17/$T$7 -> 1211.3333 | D18: =D17/$T$7 -> 1283.9111 | E18: =E17/$T$7 -> 1164.9333 | F18: =F17/$T$7 -> 2202.2667 | G18: =G17/$T$7 -> 2014.3111 | H18: =H17/$T$7 -> 2226.6667 | I18: =I17/$T$7 -> 2227.8667 | J18: =J17/$T$7 -> 2074.9333 | ... P18: =P17/$T$7 -> 0 | Q18: =SUM(C18:P18) -> 21493.067 | BJ18: Actual | BK18: ='Output '!AA6 -> 5596 | BL18: ='Output '!AB6 -> 4994 | BM18: ='Output '!AC6 -> 4962 | BN18: ='Output '!AD6 -> 10529 | BO18: ='Output '!AE6 -> 14462 | BP18: ='Output '!AF6 -> 10822 | BQ18: ='Output '!AG6 -> 8868 | BR18: ='Output '!AH6 -> 12067 | ... BU18: ='Output '!AK6 -> 11482 | BV18: ='Output '!AM6 -> 1293
B19: Avg Wip | C19: =SUMIF('WIP '!$C$5:$N$5,'Summary '!C3,'WIP '!$C$4:$N$4) -> 3374.5217 | D19: =SUMIF('WIP '!$C$5:$N$5,'Summary '!D3,'WIP '!$C$4:$N$4) -> 3749.8261 | E19: =SUMIF('WIP '!$C$5:$N$5,'Summary '!E3,'WIP '!$C$4:$N$4) -> 3453.4348 | F19: =SUMIF('WIP '!$C$5:$N$5,'Summary '!F3,'WIP '!$C$4:$N$4) -> 2571.0435 | G19: =SUMIF('WIP '!$C$5:$N$5,'Summary '!G3,'WIP '!$C$4:$N$4) -> 3361.3043 | H19: =SUMIF('WIP '!$C$5:$N$5,'Summary '!H3,'WIP '!$C$4:$N$4) -> 2337.6957 | I19: =SUMIF('WIP '!$C$5:$N$5,'Summary '!I3,'WIP '!$C$4:$N$4) -> 3202.087 | J19: =SUMIF('WIP '!$C$5:$N$5,'Summary '!J3,'WIP '!$C$4:$N$4) -> 4046.1304 | ... O19: =SUMIF('WIP '!$C$5:$N$5,'Summary '!O3,'WIP '!$C$4:$N$4) -> 0 | Q19: =SUM(C19:P19) -> 37583.174 | BJ19: Balance | BK19: =BK17-BK18 -> 2645.6923 | BL19: =BL17-BL18 -> 3429.1538 | BM19: =BM17-BM18 -> 2632.4615 | BN19: =BN17-BN18 -> 3256.1538 | BO19: =BO17-BO18 -> -949.30769 | BP19: =BP17-BP18 -> 2874.3077 | BQ19: =BQ17-BQ18 -> 3926.3846 | BR19: =BR17-BR18 -> 2238.3077 | ... BV19: =BV17-BV18 -> -2188.4615
BJ20: Bal for month | BK20: =BK6-(BK8+BK13+BK18) -> 9710 | BL20: =BL6-(BL8+BL13+BL18) -> 10649 | BM20: =BM6-(BM8+BM13+BM18) -> 9142 | BN20: =BN6-(BN8+BN13+BN18) -> 15072 | BO20: =BO6-(BO8+BO13+BO18) -> 10633 | BP20: =BP6-(BP8+BP13+BP18) -> 14614 | BQ20: =BQ6-(BQ8+BQ13+BQ18) -> 14893 | BR20: =BR6-(BR8+BR13+BR18) -> 14500 | ... BV20: =BV6-(BV8+BV13+BV18) -> -2956
BJ21: Day rate Req | BK21: =BK20/$BX$16 -> 746.92308 | BL21: =BL20/$BX$16 -> 819.15385 | BM21: =BM20/$BX$16 -> 703.23077 | BN21: =BN20/$BX$16 -> 1159.3846 | BO21: =BO20/$BX$16 -> 817.92308 | BP21: =BP20/$BX$16 -> 1124.1538 | BQ21: =BQ20/$BX$16 -> 1145.6154 | BR21: =BR20/$BX$16 -> 1115.3846 | ... BV21: =BV20/$BX$16 -> -227.38462 | BW21: 6 | BX21: =BX7-(BW7+BW12+BW16) -> 6
Y22: Week 2 | BI22: Week 4 | BJ22: Target
BJ23: Actual
Y24: Group | Z24: A1 | AA24: A2 | AB24: A3 | AC24: G1 | AD24: G2 | AE24: G3 | AF24: G4 | AG24: G5 | AH24: G6 | AI24: G7 | AJ24: G8 | AK24: PED | BJ24: Balance
Y25: Target | Z25: =BK12 -> 7291.5789 | AA25: =BL12 -> 7772.2105 | AB25: =BM12 -> 6777.4737 | AC25: =BN12 -> 13089.474 | AD25: =BO12 -> 12179.368 | AE25: =BP12 -> 12804 | AF25: =BQ12 -> 12648.947 | AG25: =BR12 -> 12903.158 | ... AK25: =BV12 -> 1268.8421
Y26: Opening Wip | Z26: ='WIP '!S22 -> 3.6368571 | AA26: ='WIP '!T22 -> 4.4202857 | AB26: ='WIP '!U22 -> 3.7725714 | AC26: ='WIP '!V22 -> 2.8721429 | AD26: ='WIP '!W22 -> 3.3625714 | AE26: ='WIP '!X22 -> 2.4615714 | AF26: ='WIP '!Y22 -> 3.5585714 | AG26: ='WIP '!Z22 -> 4.6878571 | ... AK26: ='WIP '!AD22 -> 1.72
Y27: Fresh input | Z27: ='Input '!AG4 -> 7751 | AA27: ='Input '!AH4 -> 6956 | AB27: ='Input '!AI4 -> 8978 | AC27: ='Input '!AJ4 -> 15697 | AD27: ='Input '!AK4 -> 13610 | AE27: ='Input '!AL4 -> 14812 | AF27: ='Input '!AM4 -> 16391 | AG27: ='Input '!AN4 -> 15072 | ... AK27: ='Input '!AR4 -> 2618
Y28: Returns | Z28: ='Returns '!T42 -> 0 | AA28: ='Returns '!U42 -> 0 | AB28: ='Returns '!V42 -> 0 | AC28: ='Returns '!W42 -> 0 | AD28: ='Returns '!X42 -> 0 | AE28: ='Returns '!Y42 -> 0 | AF28: ='Returns '!Z42 -> 0 | AG28: ='Returns '!AA42 -> 0 | ... AK28: ='Returns '!AE42 -> 0
Y29: Convertible WIP | Z29: =(Z26+Z27)-Z28 -> 7754.6369 | AA29: =(AA26+AA27)-AA28 -> 6960.4203 | AB29: =(AB26+AB27)-AB28 -> 8981.7726 | AC29: =(AC26+AC27)-AC28 -> 15699.872 | AD29: =(AD26+AD27)-AD28 -> 13613.363 | AE29: =(AE26+AE27)-AE28 -> 14814.462 | AF29: =(AF26+AF27)-AF28 -> 16394.559 | AG29: =(AG26+AG27)-AG28 -> 15076.688 | ... AK29: =(AK26+AK27)-AK28 -> 2619.72
Y30: Output | Z30: ='Output '!AA5 -> 7784 | AA30: ='Output '!AB5 -> 8969 | AB30: ='Output '!AC5 -> 7358 | AC30: ='Output '!AD5 -> 15849 | AD30: ='Output '!AE5 -> 13473 | AE30: ='Output '!AF5 -> 15110 | AF30: ='Output '!AG5 -> 16294 | AG30: ='Output '!AH5 -> 14293 | ... AJ30: ='Output '!AK5 -> 14327 | AK30: ='Output '!AM5 -> 5681
C31: No of models | Y31: Balance | Z31: =Z25-Z30 -> -492.42105 | AA31: =AA25-AA30 -> -1196.7895 | AB31: =AB25-AB30 -> -580.52632 | AC31: =AC25-AC30 -> -2759.5263 | AD31: =AD25-AD30 -> -1293.6316 | AE31: =AE25-AE30 -> -2306 | AF31: =AF25-AF30 -> -3645.0526 | AG31: =AG25-AG30 -> -1389.8421 | ... AK31: =AK25-AK30 -> -4412.1579
H32: Tray Size | Y32: Comp % | Z32: =Z30/Z25 -> 1.0675328 | AA32: =AA30/AA25 -> 1.1539832 | AB32: =AB30/AB25 -> 1.0856553 | AC32: =AC30/AC25 -> 1.2108203 | AD32: =AD30/AD25 -> 1.106215 | AE32: =AE30/AE25 -> 1.1801 | AF32: =AF30/AF25 -> 1.2881704 | AG32: =AG30/AG25 -> 1.1077133 | ... AK32: =AK30/AK25 -> 4.4773104
C33: Row Labels | D33: Count of batch | E33: Day Avarage | H33: Sum of Qty | I33: Column Labels
C34: A1 | D34: 188 | E34: =D34/19.5 -> 9.6410256 | H34: Row Labels | I34: JUMBO | J34: NORMAL | K34: (blank) | L34: #N/A | M34: Grand Total | O34: Jumbo | P34: Normal
C35: A2 | D35: 142 | E35: =D35/19.5 -> 7.2820513 | H35: A1 | I35: 20521 | J35: 8863 | M35: 29384 | O35: =I35/M35 -> 0.69837326 | P35: =J35/M35 -> 0.30162674
C36: A3 | D36: 149 | E36: =D36/19.5 -> 7.6410256 | H36: A2 | I36: 13734 | J36: 15346 | M36: 29080 | O36: =I36/M36 -> 0.47228336 | P36: =J36/M36 -> 0.52771664
C37: G1 | D37: 263 | E37: =D37/19.5 -> 13.487179 | H37: A3 | I37: 21161 | J37: 6653 | M37: 27814 | O37: =I37/M37 -> 0.76080391 | P37: =J37/M37 -> 0.23919609
C38: G2 | D38: 205 | E38: =D38/19.5 -> 10.512821 | H38: G1 | I38: 21802 | J38: 24105 | L38: 1037 | M38: 46944 | O38: =I38/M38 -> 0.4644257 | P38: =J38/M38 -> 0.51348415
C39: G3 | D39: 216 | E39: =D39/19.5 -> 11.076923 | H39: G2 | I39: 15611 | J39: 29221 | L39: 1429 | M39: 46261 | O39: =I39/M39 -> 0.33745488 | P39: =J39/M39 -> 0.63165517
C40: G4 | D40: 308 | E40: =D40/19.5 -> 15.794872 | H40: G3 | I40: 19279 | J40: 23052 | L40: 2669 | M40: 45000 | O40: =I40/M40 -> 0.42842222 | P40: =J40/M40 -> 0.51226667
C41: G5 | D41: 208 | E41: =D41/19.5 -> 10.666667 | H41: G4 | I41: 33732 | J41: 14214 | L41: 1000 | M41: 48946 | O41: =I41/M41 -> 0.68916765 | P41: =J41/M41 -> 0.29040167
C42: G6 | D42: 222 | E42: =D42/19.5 -> 11.384615 | H42: G5 | I42: 16015 | J42: 29038 | L42: 1947 | M42: 47000 | O42: =I42/M42 -> 0.34074468 | P42: =J42/M42 -> 0.61782979
C43: G7 | D43: 256 | E43: =D43/19.5 -> 13.128205 | H43: G6 | I43: 29236 | J43: 16273 | L43: 1000 | M43: 46509 | O43: =I43/M43 -> 0.62860952 | P43: =J43/M43 -> 0.34988927
C44: G8 | D44: 237 | E44: =D44/19.5 -> 12.153846 | H44: G7 | I44: 15190 | J44: 31623 | M44: 46813 | O44: =I44/M44 -> 0.32448252 | P44: =J44/M44 -> 0.67551748
C45: KMC | D45: 68 | E45: =D45/19.5 -> 3.4871795 | H45: G8 | I45: 19549 | J45: 25463 | M45: 45012 | O45: =I45/M45 -> 0.43430641 | P45: =J45/M45 -> 0.56569359
C46: PED | D46: 62 | E46: =D46/19.5 -> 3.1794872 | H46: KMC | I46: 5300 | J46: 8958 | L46: 4049 | M46: 18307 | O46: =I46/M46 -> 0.28950675 | P46: =J46/M46 -> 0.48932102
C47: PED-AUTO | D47: 54 | E47: =D47/19.5 -> 2.7692308 | H47: PED | I47: 2544 | J47: 7804 | L47: 1827 | M47: 12175 | O47: =I47/M47 -> 0.20895277 | P47: =J47/M47 -> 0.64098563
C48: (blank) | D48: 67 | H48: PED-AUTO | I48: 5739 | J48: 6297 | M48: 12036 | O48: =I48/M48 -> 0.47681954 | P48: =J48/M48 -> 0.52318046
C49: INS | D49: 48 | H49: (blank)
C50: KMC | D50: 1 | H50: INS | I50: 5546 | J50: 7886 | M50: 13432
C51: KMC | D51: 1 | H51: KMC | I51: 52 | M51: 52
C52: ED | D52: 1 | H52: ED | L52: 34 | M52: 34
C53: Grand Total | D53: 2696 | H53: KMC | I53: 763 | M53: 763
H54: Grand Total | I54: 245774 | J54: 254796 | L54: 14992 | M54: 515562
H55: Sum of Qty | I55: Column Labels
H56: Row Labels | I56: (blank) | J56: Gask | K56: Adhe | L56: Sticker | M56: Grand Total | O56: Adhesive | P56: Gasket | Q56: Silicon
H57: A1 | I57: 3328 | J57: 4334 | K57: 17963 | L57: 3759 | M57: 29384 | O57: =K57/M57 -> 0.61131909 | P57: =J57/M57 -> 0.14749524 | Q57: =L57/M57 -> 0.12792676
H58: A2 | I58: 4179 | J58: 4652 | K58: 17431 | L58: 2818 | M58: 29080 | O58: =K58/M58 -> 0.59941541 | P58: =J58/M58 -> 0.15997249 | Q58: =L58/M58 -> 0.096905089
H59: A3 | I59: 3322 | J59: 6253 | K59: 17208 | L59: 1031 | M59: 27814 | O59: =K59/M59 -> 0.61868124 | P59: =J59/M59 -> 0.22481484 | Q59: =L59/M59 -> 0.037067664
H60: G1 | I60: 2036 | J60: 28214 | K60: 16694 | M60: 46944 | O60: =K60/M60 -> 0.3556152 | P60: =J60/M60 -> 0.60101397 | Q60: =L60/M60 -> 0
H61: G2 | I61: 2005 | J61: 29648 | K61: 14608 | M61: 46261 | O61: =K61/M61 -> 0.31577355 | P61: =J61/M61 -> 0.64088541 | Q61: =L61/M61 -> 0
H62: G3 | I62: 1800 | J62: 24776 | K62: 18424 | M62: 45000 | O62: =K62/M62 -> 0.40942222 | P62: =J62/M62 -> 0.55057778 | Q62: =L62/M62 -> 0
H63: G4 | I63: 1809 | J63: 32524 | K63: 14613 | M63: 48946 | O63: =K63/M63 -> 0.29855351 | P63: =J63/M63 -> 0.66448739 | Q63: =L63/M63 -> 0
H64: G5 | I64: 2688 | J64: 29257 | K64: 15055 | M64: 47000 | O64: =K64/M64 -> 0.32031915 | P64: =J64/M64 -> 0.62248936 | Q64: =L64/M64 -> 0
H65: G6 | I65: 1326 | J65: 23765 | K65: 21418 | M65: 46509 | O65: =K65/M65 -> 0.46051302 | P65: =J65/M65 -> 0.51097637 | Q65: =L65/M65 -> 0
H66: G7 | I66: 1537 | J66: 27205 | K66: 18071 | M66: 46813 | O66: =K66/M66 -> 0.38602525 | P66: =J66/M66 -> 0.58114199 | Q66: =L66/M66 -> 0
H67: G8 | I67: 2545 | J67: 30025 | K67: 12442 | M67: 45012 | O67: =K67/M67 -> 0.27641518 | P67: =J67/M67 -> 0.66704434 | Q67: =L67/M67 -> 0
H68: KMC | I68: 115 | J68: 1460 | K68: 16362 | L68: 370 | M68: 18307 | O68: =K68/M68 -> 0.89375649 | P68: =J68/M68 -> 0.079750915 | Q68: =L68/M68 -> 0.020210848
H69: PED | I69: 164 | J69: 283 | K69: 11304 | L69: 424 | M69: 12175 | O69: =K69/M69 -> 0.92845996 | P69: =J69/M69 -> 0.023244353 | Q69: =L69/M69 -> 0.034825462
H70: PED-AUTO | I70: 784 | J70: 264 | K70: 10988 | M70: 12036 | O70: =K70/M70 -> 0.91292788 | P70: =J70/M70 -> 0.021934197 | Q70: =L70/M70 -> 0
H71: (blank)
H72: INS | I72: 547 | J72: 1330 | K72: 11379 | L72: 176 | M72: 13432
H73: KMC | K73: 52 | M73: 52
H74: ED | K74: 34 | M74: 34
H75: KMC | K75: 763 | M75: 763
H76: Grand Total | I76: 28185 | J76: 243990 | K76: 234809 | L76: 8578 | M76: 515562
H80: Count of Qty | I80: Column Labels
H81: Row Labels | I81: 0-50 | J81: 1000more | K81: 101-300 | L81: 301-500 | M81: 501-1000 | N81: 51-100 | O81: (blank) | P81: Grand Total | T81: =I81 -> 0-50 | U81: =J81 -> 1000more | V81: =K81 -> 101-300 | W81: =L81 -> 301-500 | X81: =M81 -> 501-1000 | Y81: =N81 -> 51-100 | Z81: =O81 -> (blank) | AA81: =P81 -> Grand Total
H82: A1 | I82: 2 | K82: 15 | L82: 4 | N82: 12 | P82: 33 | S82: A1 | T82: =I82/$P82 -> 0.060606061 | U82: =J82/$P82 -> 0 | V82: =K82/$P82 -> 0.45454545 | W82: =L82/$P82 -> 0.12121212 | X82: =M82/$P82 -> 0 | Y82: =N82/$P82 -> 0.36363636
H83: A2 | I83: 1 | J83: 1 | K83: 10 | L83: 5 | N83: 12 | P83: 29 | S83: A2 | T83: =I83/$P83 -> 0.034482759 | U83: =J83/$P83 -> 0.034482759 | V83: =K83/$P83 -> 0.34482759 | W83: =L83/$P83 -> 0.17241379 | X83: =M83/$P83 -> 0 | Y83: =N83/$P83 -> 0.4137931
H84: A3 | I84: 3 | J84: 1 | K84: 11 | L84: 1 | M84: 2 | N84: 12 | P84: 30 | S84: A3 | T84: =I84/$P84 -> 0.1 | U84: =J84/$P84 -> 0.033333333 | V84: =K84/$P84 -> 0.36666667 | W84: =L84/$P84 -> 0.033333333 | X84: =M84/$P84 -> 0.066666667 | Y84: =N84/$P84 -> 0.4
H85: G1 | I85: 2 | J85: 1 | K85: 23 | L85: 4 | M85: 3 | N85: 19 | P85: 52 | S85: G1 | T85: =I85/$P85 -> 0.038461538 | U85: =J85/$P85 -> 0.019230769 | V85: =K85/$P85 -> 0.44230769 | W85: =L85/$P85 -> 0.076923077 | X85: =M85/$P85 -> 0.057692308 | Y85: =N85/$P85 -> 0.36538462
H86: G2 | I86: 4 | K86: 33 | L86: 3 | M86: 2 | N86: 6 | P86: 48 | S86: G2 | T86: =I86/$P86 -> 0.083333333 | U86: =J86/$P86 -> 0 | V86: =K86/$P86 -> 0.6875 | W86: =L86/$P86 -> 0.0625 | X86: =M86/$P86 -> 0.041666667 | Y86: =N86/$P86 -> 0.125
H87: G3 | I87: 2 | J87: 1 | K87: 22 | L87: 2 | M87: 3 | N87: 22 | P87: 52 | S87: G3 | T87: =I87/$P87 -> 0.038461538 | U87: =J87/$P87 -> 0.019230769 | V87: =K87/$P87 -> 0.42307692 | W87: =L87/$P87 -> 0.038461538 | X87: =M87/$P87 -> 0.057692308 | Y87: =N87/$P87 -> 0.42307692
H88: G4 | I88: 8 | J88: 1 | K88: 26 | L88: 2 | M88: 1 | N88: 27 | P88: 65 | S88: G4 | T88: =I88/$P88 -> 0.12307692 | U88: =J88/$P88 -> 0.015384615 | V88: =K88/$P88 -> 0.4 | W88: =L88/$P88 -> 0.030769231 | X88: =M88/$P88 -> 0.015384615 | Y88: =N88/$P88 -> 0.41538462
H89: G5 | I89: 4 | K89: 19 | L89: 5 | M89: 4 | N89: 18 | P89: 50 | S89: G5 | T89: =I89/$P89 -> 0.08 | U89: =J89/$P89 -> 0 | V89: =K89/$P89 -> 0.38 | W89: =L89/$P89 -> 0.1 | X89: =M89/$P89 -> 0.08 | Y89: =N89/$P89 -> 0.36
H90: G6 | I90: 3 | K90: 27 | L90: 5 | M90: 3 | N90: 15 | P90: 53 | S90: G6 | T90: =I90/$P90 -> 0.056603774 | U90: =J90/$P90 -> 0 | V90: =K90/$P90 -> 0.50943396 | W90: =L90/$P90 -> 0.094339623 | X90: =M90/$P90 -> 0.056603774 | Y90: =N90/$P90 -> 0.28301887
H91: G7 | I91: 6 | K91: 26 | L91: 9 | M91: 2 | N91: 12 | P91: 55 | S91: G7 | T91: =I91/$P91 -> 0.10909091 | U91: =J91/$P91 -> 0 | V91: =K91/$P91 -> 0.47272727 | W91: =L91/$P91 -> 0.16363636 | X91: =M91/$P91 -> 0.036363636 | Y91: =N91/$P91 -> 0.21818182
H92: G8 | I92: 10 | J92: 1 | K92: 18 | L92: 6 | M92: 3 | N92: 14 | P92: 52 | S92: G8 | T92: =I92/$P92 -> 0.19230769 | U92: =J92/$P92 -> 0.019230769 | V92: =K92/$P92 -> 0.34615385 | W92: =L92/$P92 -> 0.11538462 | X92: =M92/$P92 -> 0.057692308 | Y92: =N92/$P92 -> 0.26923077
H93: KMC | I93: 6 | J93: 2 | K93: 23 | L93: 8 | M93: 2 | N93: 14 | P93: 55 | S93: KMC | T93: =I93/$P93 -> 0.10909091 | U93: =J93/$P93 -> 0.036363636 | V93: =K93/$P93 -> 0.41818182 | W93: =L93/$P93 -> 0.14545455 | X93: =M93/$P93 -> 0.036363636 | Y93: =N93/$P93 -> 0.25454545
H94: PED | I94: 1 | K94: 10 | L94: 6 | M94: 2 | N94: 5 | P94: 24 | S94: PED | T94: =I94/$P94 -> 0.041666667 | U94: =J94/$P94 -> 0 | V94: =K94/$P94 -> 0.41666667 | W94: =L94/$P94 -> 0.25 | X94: =M94/$P94 -> 0.083333333 | Y94: =N94/$P94 -> 0.20833333
H95: PED-AUTO | K95: 8 | M95: 1 | N95: 2 | P95: 11 | S95: PED-Auto | T95: =I95/$P95 -> 0 | U95: =J95/$P95 -> 0 | V95: =K95/$P95 -> 0.72727273 | W95: =L95/$P95 -> 0 | X95: =M95/$P95 -> 0.090909091 | Y95: =N95/$P95 -> 0.18181818
H96: (blank) | S96: (blank)
H97: Grand Total | I97: 52 | J97: 8 | K97: 271 | L97: 60 | M97: 28 | N97: 190 | P97: 609

Sheet WIP 
C1: =+C6/1000 -> 3.494 | D1: =+D6/1000 -> 2.719 | E1: =+E6/1000 -> 2.347 | F1: =+F6/1000 -> 3.353 | G1: =+G6/1000 -> 5.662 | H1: =+H6/1000 -> 3.215 | I1: =+I6/1000 -> 3.047 | J1: =+J6/1000 -> 2.996 | ... P1: =+P6/1000 -> 2.869
C4: =AVERAGE(C6:C29) -> 3374.5217 | D4: =AVERAGE(D6:D29) -> 3749.8261 | E4: =AVERAGE(E6:E29) -> 3453.4348 | F4: =AVERAGE(F6:F29) -> 2571.0435 | G4: =AVERAGE(G6:G29) -> 3361.3043 | H4: =AVERAGE(H6:H29) -> 2337.6957 | I4: =AVERAGE(I6:I29) -> 3202.087 | J4: =AVERAGE(J6:J29) -> 4046.1304 | ... P4: =AVERAGE(P6:P29) -> 1907.7826 | R4: Avg WIP
B5: Date | C5: A1 | D5: A2 | E5: A3 | F5: G1 | G5: G2 | H5: G3 | I5: G4 | J5: G5 | K5: G6 | L5: G7 | M5: G8 | N5: KMC | O5: PED | P5: PED-Auto | S5: A1 | T5: A2 | U5: A3 | V5: G1 | W5: G2 | X5: G3 | Y5: G4 | Z5: G5 | AA5: G6 | AB5: G7 | AC5: G8 | AD5: KMC | AE5: PED | AF5: PED-Auto
A6: 1 | B6: 46146 | C6: 3494 | D6: 2719 | E6: 2347 | F6: 3353 | G6: 5662 | H6: 3215 | I6: 3047 | J6: 2996 | K6: 3721 | L6: 4077 | M6: 3565 | N6: 7632 | O6: 3640 | P6: 2869 | R6: Week 1 | S6: =AVERAGE(C6:C9) -> 3591 | T6: =AVERAGE(D6:D9) -> 4037.25 | U6: =AVERAGE(E6:E9) -> 2606.75 | V6: =AVERAGE(F6:F9) -> 3110.5 | W6: =AVERAGE(G6:G9) -> 4540.5 | X6: =AVERAGE(H6:H9) -> 2856.75 | Y6: =AVERAGE(I6:I9) -> 3292.75 | Z6: =AVERAGE(J6:J9) -> 3806.5 | ... AF6: =AVERAGE(P6:P9) -> 2625.5
A7: 2 | B7: 46147 | C7: 4510 | D7: 4082 | E7: 2604 | F7: 3081 | G7: 4802 | H7: 2650 | I7: 4092 | J7: 2924 | K7: 3766 | L7: 4880 | M7: 4216 | N7: 6702 | O7: 3754 | P7: 2851 | R7: Week 2 | S7: =AVERAGE(C10:C16) -> 3636.8571 | T7: =AVERAGE(D10:D16) -> 4420.2857 | U7: =AVERAGE(E10:E16) -> 3772.5714 | V7: =AVERAGE(F10:F16) -> 2872.1429 | W7: =AVERAGE(G10:G16) -> 3362.5714 | X7: =AVERAGE(H10:H16) -> 2461.5714 | Y7: =AVERAGE(I10:I16) -> 3558.5714 | Z7: =AVERAGE(J10:J16) -> 4687.8571 | ... AF7: =AVERAGE(P10:P16) -> 1756.8571
A8: 3 | B8: 46148 | C8: 3180 | D8: 4674 | E8: 2738 | F8: 3004 | G8: 3849 | H8: 2781 | I8: 3016 | J8: 4653 | K8: 3995 | L8: 4356 | M8: 4549 | N8: 1783 | O8: 5352 | P8: 2391 | R8: Week 3 | S8: =AVERAGE(C17:C21) -> 3093.8 | T8: =AVERAGE(D17:D21) -> 2531 | U8: =AVERAGE(E17:E21) -> 3219.2 | V8: =AVERAGE(F17:F21) -> 2131.8 | W8: =AVERAGE(G17:G21) -> 3388 | X8: =AVERAGE(H17:H21) -> 1904.8 | Y8: =AVERAGE(I17:I21) -> 2875.2 | Z8: =AVERAGE(J17:J21) -> 4090.8 | ... AF8: =AVERAGE(P17:P21) -> 1522.6
A9: 4 | B9: 46149 | C9: 3180 | D9: 4674 | E9: 2738 | F9: 3004 | G9: 3849 | H9: 2781 | I9: 3016 | J9: 4653 | K9: 3995 | L9: 4356 | M9: 4549 | N9: 1783 | O9: 5352 | P9: 2391 | R9: Week 4 | S9: =AVERAGE(C22:C28) -> 3189 | T9: =AVERAGE(D22:D28) -> 3785.7143 | U9: =AVERAGE(E22:E28) -> 3785.4286 | V9: =AVERAGE(F22:F28) -> 2275.4286 | W9: =AVERAGE(G22:G28) -> 2667.1429 | X9: =AVERAGE(H22:H28) -> 2226.4286 | Y9: =AVERAGE(I22:I28) -> 3027.2857 | Z9: =AVERAGE(J22:J28) -> 3509.4286 | ... AF9: =AVERAGE(P22:P28) -> 1923.7143
A10: 5 | B10: 46150 | C10: 3510 | D10: 4848 | E10: 3507 | F10: 2711 | G10: 2855 | H10: 2991 | I10: 2276 | J10: 4284 | K10: 2975 | L10: 4258 | M10: 4441 | N10: 4125 | O10: 5489 | P10: 2485
A11: 1 | B11: 46151 | C11: 3291 | D11: 4580 | E11: 4740 | F11: 3425 | G11: 3841 | H11: 2213 | I11: 4138 | J11: 5818 | K11: 4564 | L11: 4737 | M11: 5475 | N11: 2403 | O11: 5398 | P11: 2281
A12: 2 | B12: 46153 | C12: 3859 | D12: 5503 | E12: 4278 | F12: 3345 | G12: 3227 | H12: 2247 | I12: 3983 | J12: 5440 | K12: 4889 | L12: 5062 | M12: 5937 | N12: 2723 | O12: 4051 | P12: 1949
A13: 3 | B13: 46154 | C13: 4338 | D13: 4348 | E13: 3166 | F13: 3465 | G13: 3836 | H13: 2458 | I13: 3879 | J13: 5154 | K13: 5012 | L13: 5246 | M13: 5149 | N13: 266 | O13: 4488 | P13: 1395
A14: 4 | B14: 46155 | C14: 3853 | D14: 5348 | E14: 2710 | F14: 1723 | G14: 2892 | H14: 2686 | I14: 3888 | J14: 4076 | K14: 5285 | L14: 5274 | M14: 5840 | N14: 552 | O14: 4539 | P14: 1747
A15: 5 | B15: 46156 | C15: 3671 | D15: 3868 | E15: 4485 | F15: 1964 | G15: 2910 | H15: 2258 | I15: 4499 | J15: 3649 | K15: 5082 | L15: 4836 | M15: 5706 | N15: 321 | O15: 2223 | P15: 1398
A16: 1 | B16: 46157 | C16: 2936 | D16: 2447 | E16: 3522 | F16: 3472 | G16: 3977 | H16: 2378 | I16: 2247 | J16: 4394 | K16: 3591 | L16: 4642 | M16: 3843 | N16: 1650 | O16: 2134 | P16: 1043
A17: 2 | B17: 46158 | C17: 2523 | D17: 2381 | E17: 2894 | F17: 2362 | G17: 5489 | H17: 2113 | I17: 2662 | J17: 3766 | K17: 2779 | L17: 3318 | M17: 4230 | N17: 2960 | O17: 1887 | P17: 1498
A18: 3 | B18: 46160 | C18: 2947 | D18: 3373 | E18: 3143 | F18: 2518 | G18: 3225 | H18: 1485 | I18: 3909 | J18: 3855 | K18: 3868 | L18: 3523 | M18: 3887 | N18: 1243 | O18: 1714 | P18: 1615
A19: 4 | B19: 46161 | C19: 3427 | D19: 2750 | E19: 3351 | F19: 2434 | G19: 3381 | H19: 693 | I19: 1450 | J19: 5705 | K19: 4000 | L19: 2688 | M19: 3657 | N19: 1492 | O19: 1495 | P19: 1209 | R19: Opening WIP
A20: 5 | B20: 46162 | C20: 3043 | D20: 2004 | E20: 3130 | F20: 3122 | G20: 2768 | H20: 2690 | I20: 3347 | J20: 4136 | K20: 5711 | L20: 1731 | M20: 4266 | N20: 761 | O20: 1423 | P20: 1720 | S20: A1 | T20: A2 | U20: A3 | V20: G1 | W20: G2 | X20: G3 | Y20: G4 | Z20: G5 | AA20: G6 | AB20: G7 | AC20: G8 | AD20: KMC | AE20: PED | AF20: PED-Auto
A21: 6 | B21: 46163 | C21: 3529 | D21: 2147 | E21: 3578 | F21: 223 | G21: 2077 | H21: 2543 | I21: 3008 | J21: 2992 | K21: 4494 | L21: 3096 | M21: 3309 | N21: 0 | O21: 813 | P21: 1571 | R21: Week 1 | S21: =S6/1000 -> 3.591 | T21: =T6/1000 -> 4.03725 | U21: =U6/1000 -> 2.60675 | V21: =V6/1000 -> 3.1105 | W21: =W6/1000 -> 4.5405 | X21: =X6/1000 -> 2.85675 | Y21: =Y6/1000 -> 3.29275 | Z21: =Z6/1000 -> 3.8065 | ... AF21: =AF6/1000 -> 2.6255
A22: 1 | B22: 46164 | C22: 2465 | D22: 2624 | E22: 2100 | F22: 2478 | G22: 1569 | H22: 3147 | I22: 5646 | J22: 3190 | K22: 3258 | L22: 2262 | M22: 4065 | N22: 0 | O22: 560 | P22: 875 | R22: Week 2 | S22: =S7/1000 -> 3.6368571 | T22: =T7/1000 -> 4.4202857 | U22: =U7/1000 -> 3.7725714 | V22: =V7/1000 -> 2.8721429 | W22: =W7/1000 -> 3.3625714 | X22: =X7/1000 -> 2.4615714 | Y22: =Y7/1000 -> 3.5585714 | Z22: =Z7/1000 -> 4.6878571 | ... AF22: =AF7/1000 -> 1.7568571
A23: 2 | B23: 46165 | C23: 2840 | D23: 2646 | E23: 1796 | F23: 1494 | G23: 1756 | H23: 1247 | I23: 2566 | J23: 2953 | K23: 2395 | L23: 1772 | M23: 1985 | N23: 575 | O23: 628 | P23: 1605 | R23: Week 3 | S23: =S8/1000 -> 3.0938 | T23: =T8/1000 -> 2.531 | U23: =U8/1000 -> 3.2192 | V23: =V8/1000 -> 2.1318 | W23: =W8/1000 -> 3.388 | X23: =X8/1000 -> 1.9048 | Y23: =Y8/1000 -> 2.8752 | Z23: =Z8/1000 -> 4.0908 | ... AF23: =AF8/1000 -> 1.5226
A24: 3 | B24: 46167 | C24: 2821 | D24: 3568 | E24: 3202 | F24: 3516 | G24: 2401 | H24: 1882 | I24: 2719 | J24: 3768 | K24: 2751 | L24: 2089 | M24: 3364 | N24: 3508 | O24: 2301 | P24: 1534 | R24: Week 4 | S24: =S9/1000 -> 3.189 | T24: =T9/1000 -> 3.7857143 | U24: =U9/1000 -> 3.7854286 | V24: =V9/1000 -> 2.2754286 | W24: =W9/1000 -> 2.6671429 | X24: =X9/1000 -> 2.2264286 | Y24: =Y9/1000 -> 3.0272857 | Z24: =Z9/1000 -> 3.5094286 | ... AF24: =AF9/1000 -> 1.9237143
A25: 4 | B25: 46168 | C25: 2446 | D25: 2904 | E25: 4197 | F25: 2561 | G25: 2853 | H25: 1654 | I25: 2210 | J25: 2909 | K25: 2055 | L25: 2962 | M25: 2721 | N25: 5030 | O25: 2652 | P25: 2425
A26: 5 | B26: 46169 | C26: 3448 | D26: 3682 | E26: 3439 | F26: 1941 | G26: 2979 | H26: 2428 | I26: 2941 | J26: 4097 | K26: 3467 | L26: 2822 | M26: 2081 | N26: 5823 | O26: 2819 | P26: 2413
A27: 6 | B27: 46171 | C27: 4604 | D27: 5130 | E27: 5110 | F27: 2001 | G27: 3807 | H27: 2402 | I27: 1848 | J27: 4482 | K27: 3543 | L27: 2627 | M27: 2945 | N27: 534 | O27: 2656 | P27: 2704
B28: 46172 | C28: 3699 | D28: 5946 | E28: 6654 | F28: 1937 | G28: 3305 | H28: 2825 | I28: 3261 | J28: 3167 | K28: 2111 | L28: 2646 | M28: 3857 | N28: 2592 | O28: 2781 | P28: 1910
B29: 46173 | S29: A1 | T29: A2 | U29: A3 | V29: G1 | W29: G2 | X29: G3 | Y29: G4 | Z29: G5 | AA29: G6 | AB29: G7 | AC29: G8 | AD29: PED | AE29: KMC | AF29: RET
R30: Week 1 | S30: =S21/1000 -> 0.003591 | T30: =T21/1000 -> 0.00403725 | U30: =U21/1000 -> 0.00260675 | V30: =V21/1000 -> 0.0031105 | W30: =W21/1000 -> 0.0045405 | X30: =X21/1000 -> 0.00285675 | Y30: =Y21/1000 -> 0.00329275 | Z30: =Z21/1000 -> 0.0038065 | ... AF30: =AF21/1000 -> 0.0026255
R31: Week 2 | S31: =S22/1000 -> 0.0036368571 | T31: =T22/1000 -> 0.0044202857 | U31: =U22/1000 -> 0.0037725714 | V31: =V22/1000 -> 0.0028721429 | W31: =W22/1000 -> 0.0033625714 | X31: =X22/1000 -> 0.0024615714 | Y31: =Y22/1000 -> 0.0035585714 | Z31: =Z22/1000 -> 0.0046878571 | ... AF31: =AF22/1000 -> 0.0017568571
R32: Week 3 | S32: =S23/1000 -> 0.0030938 | T32: =T23/1000 -> 0.002531 | U32: =U23/1000 -> 0.0032192 | V32: =V23/1000 -> 0.0021318 | W32: =W23/1000 -> 0.003388 | X32: =X23/1000 -> 0.0019048 | Y32: =Y23/1000 -> 0.0028752 | Z32: =Z23/1000 -> 0.0040908 | ... AF32: =AF23/1000 -> 0.0015226
R33: Week 4 | S33: =S24/1000 -> 0.003189 | T33: =T24/1000 -> 0.0037857143 | U33: =U24/1000 -> 0.0037854286 | V33: =V24/1000 -> 0.0022754286 | W33: =W24/1000 -> 0.0026671429 | X33: =X24/1000 -> 0.0022264286 | Y33: =Y24/1000 -> 0.0030272857 | Z33: =Z24/1000 -> 0.0035094286 | ... AF33: =AF24/1000 -> 0.0019237143

Sheet Input 
A1: Group | B1: Model no | C1: Qty | D1: Date | E1: batch | F1: Base | G1: Len | H1: Process | I1: Lot Size | J1: MG type | K1: Tray Size | O1: Total | P1: =SUBTOTAL(9,P3:P21) -> 22844 | Q1: =SUBTOTAL(9,Q3:Q21) -> 21993 | R1: =SUBTOTAL(9,R3:R21) -> 21182 | S1: =SUBTOTAL(9,S3:S21) -> 40287 | T1: =SUBTOTAL(9,T3:T21) -> 39597 | U1: =SUBTOTAL(9,U3:U21) -> 38817 | V1: =SUBTOTAL(9,V3:V21) -> 43103 | W1: =SUBTOTAL(9,W3:W21) -> 39778 | ... AC1: =SUBTOTAL(9,AC3:AC21) -> 8679
A2: G6 | B2: 10047BAA31/IND | C2: 78 | D2: 46146 | E2: 2 | F2: =IF(ISNUMBER(VALUE(LEFT(B2,5)))=TRUE,LEFT(B2,5),IF(ISNUMBER(VALUE(LEFT(B2,4)))=TRUE,LEFT(B2,4),LEFT(B2,3))) -> 10047 | G2: =LEN(B2) -> 14 | H2: =VLOOKUP(B2,[1]Sheet1!$D:$AB,25,0) -> Regular-Adhe | I2: =LOOKUP(C2, $AY$3:$AY$8, $AZ$3:$AZ$8) -> 51-100 | J2: =VLOOKUP(B2,[1]Sheet1!$D:$Y,22) -> Gask | K2: =VLOOKUP(B2,[1]Sheet1!$D:$AS,42,0) -> JUMBO | O2: Date | P2: A1 | Q2: A2 | R2: A3 | S2: G1 | T2: G2 | U2: G3 | V2: G4 | W2: G5 | X2: G6 | Y2: G7 | Z2: G8 | AA2: KMC | AB2: PED | AC2: PED-Auto | AG2: A1 | AH2: A2 | AI2: A3 | AJ2: G1 | AK2: G2 | AL2: G3 | AM2: G4 | AN2: G5 | AO2: G6 | AP2: G7 | AQ2: G8 | AR2: KMC | AS2: PED | AT2: PED-Auto
A3: G6 | B3: 10047WAA31/IND | C3: 204 | D3: 46146 | E3: 2 | F3: =IF(ISNUMBER(VALUE(LEFT(B3,5)))=TRUE,LEFT(B3,5),IF(ISNUMBER(VALUE(LEFT(B3,4)))=TRUE,LEFT(B3,4),LEFT(B3,3))) -> 10047 | G3: =LEN(B3) -> 14 | H3: =VLOOKUP(B3,[1]Sheet1!$D:$AB,25,0) -> Regular-Adhe | I3: =LOOKUP(C3, $AY$3:$AY$8, $AZ$3:$AZ$8) -> 101-300 | J3: =VLOOKUP(B3,[1]Sheet1!$D:$Y,22) -> Gask | K3: =VLOOKUP(B3,[1]Sheet1!$D:$AS,42,0) -> JUMBO | N3: 1 | O3: 46146 | P3: =SUMIFS($C:$C,$D:$D,$O3,$A:$A,P$2) -> 1512 | Q3: =SUMIFS($C:$C,$D:$D,$O3,$A:$A,Q$2) -> 255 | R3: =SUMIFS($C:$C,$D:$D,$O3,$A:$A,R$2) -> 1109 | S3: =SUMIFS($C:$C,$D:$D,$O3,$A:$A,S$2) -> 2827 | T3: =SUMIFS($C:$C,$D:$D,$O3,$A:$A,T$2) -> 2557 | U3: =SUMIFS($C:$C,$D:$D,$O3,$A:$A,U$2) -> 2094 | V3: =SUMIFS($C:$C,$D:$D,$O3,$A:$A,V$2) -> 2279 | W3: =SUMIFS($C:$C,$D:$D,$O3,$A:$A,W$2) -> 1579 | ... AC3: =SUMIFS($C:$C,$D:$D,$O3,$A:$A,AC$2) -> 915 | AF3: Week 1 | AG3: =SUM(P3:P6) -> 3998 | AH3: =SUM(Q3:Q6) -> 4356 | AI3: =SUM(R3:R6) -> 4102 | AJ3: =SUM(S3:S6) -> 7308 | AK3: =SUM(T3:T6) -> 7329 | AL3: =SUM(U3:U6) -> 7300 | AM3: =SUM(V3:V6) -> 7391 | AN3: =SUM(W3:W6) -> 7179 | ... AT3: =SUM(AC3:AC6) -> 1310 | AY3: 0 | AZ3: 0-50
A4: G6 | B4: 1584SAE00/IND | C4: 387 | D4: 46146 | E4: 1 | F4: =IF(ISNUMBER(VALUE(LEFT(B4,5)))=TRUE,LEFT(B4,5),IF(ISNUMBER(VALUE(LEFT(B4,4)))=TRUE,LEFT(B4,4),LEFT(B4,3))) -> 1584 | G4: =LEN(B4) -> 13 | H4: =VLOOKUP(B4,[1]Sheet1!$D:$AB,25,0) -> Regular-Gask | I4: =LOOKUP(C4, $AY$3:$AY$8, $AZ$3:$AZ$8) -> 301-500 | J4: =VLOOKUP(B4,[1]Sheet1!$D:$Y,22) -> Gask | K4: =VLOOKUP(B4,[1]Sheet1!$D:$AS,42,0) -> JUMBO | N4: 2 | O4: 46147 | P4: =SUMIFS($C:$C,$D:$D,$O4,$A:$A,P$2) -> 324 | Q4: =SUMIFS($C:$C,$D:$D,$O4,$A:$A,Q$2) -> 111 | R4: =SUMIFS($C:$C,$D:$D,$O4,$A:$A,R$2) -> 382 | S4: =SUMIFS($C:$C,$D:$D,$O4,$A:$A,S$2) -> 1227 | T4: =SUMIFS($C:$C,$D:$D,$O4,$A:$A,T$2) -> 1513 | U4: =SUMIFS($C:$C,$D:$D,$O4,$A:$A,U$2) -> 1704 | V4: =SUMIFS($C:$C,$D:$D,$O4,$A:$A,V$2) -> 1445 | W4: =SUMIFS($C:$C,$D:$D,$O4,$A:$A,W$2) -> 1092 | ... AC4: =SUMIFS($C:$C,$D:$D,$O4,$A:$A,AC$2) -> 395 | AF4: Week 2 | AG4: =SUM(P7:P13) -> 7751 | AH4: =SUM(Q7:Q13) -> 6956 | AI4: =SUM(R7:R13) -> 8978 | AJ4: =SUM(S7:S13) -> 15697 | AK4: =SUM(T7:T13) -> 13610 | AL4: =SUM(U7:U13) -> 14812 | AM4: =SUM(V7:V13) -> 16391 | AN4: =SUM(W7:W13) -> 15072 | ... AT4: =SUM(AC7:AC13) -> 2656 | AY4: 51 | AZ4: 51-100
A5: G7 | B5: 1713SAJ00/IND | C5: 267 | D5: 46146 | E5: 1 | F5: =IF(ISNUMBER(VALUE(LEFT(B5,5)))=TRUE,LEFT(B5,5),IF(ISNUMBER(VALUE(LEFT(B5,4)))=TRUE,LEFT(B5,4),LEFT(B5,3))) -> 1713 | G5: =LEN(B5) -> 13 | H5: =VLOOKUP(B5,[1]Sheet1!$D:$AB,25,0) -> Regular-Gask | I5: =LOOKUP(C5, $AY$3:$AY$8, $AZ$3:$AZ$8) -> 101-300 | J5: =VLOOKUP(B5,[1]Sheet1!$D:$Y,22) -> Gask | K5: =VLOOKUP(B5,[1]Sheet1!$D:$AS,42,0) -> JUMBO | N5: 3 | O5: 46148 | P5: =SUMIFS($C:$C,$D:$D,$O5,$A:$A,P$2) -> 1485 | Q5: =SUMIFS($C:$C,$D:$D,$O5,$A:$A,Q$2) -> 1910 | R5: =SUMIFS($C:$C,$D:$D,$O5,$A:$A,R$2) -> 1540 | S5: =SUMIFS($C:$C,$D:$D,$O5,$A:$A,S$2) -> 1425 | T5: =SUMIFS($C:$C,$D:$D,$O5,$A:$A,T$2) -> 1668 | U5: =SUMIFS($C:$C,$D:$D,$O5,$A:$A,U$2) -> 1578 | V5: =SUMIFS($C:$C,$D:$D,$O5,$A:$A,V$2) -> 1886 | W5: =SUMIFS($C:$C,$D:$D,$O5,$A:$A,W$2) -> 1567 | ... AC5: =SUMIFS($C:$C,$D:$D,$O5,$A:$A,AC$2) -> 0 | AF5: Week 3 | AG5: =SUM(P12:P18) -> 7878 | AH5: =SUM(Q12:Q18) -> 7585 | AI5: =SUM(R12:R18) -> 8587 | AJ5: =SUM(S12:S18) -> 15404 | AK5: =SUM(T12:T18) -> 17682 | AL5: =SUM(U12:U18) -> 16293 | AM5: =SUM(V12:V18) -> 17665 | AN5: =SUM(W12:W18) -> 16134 | ... AT5: =SUM(AC12:AC18) -> 2647 | AY5: 101 | AZ5: 101-300
A6: G8 | B6: 1730SAA00/IND | C6: 128 | D6: 46146 | E6: 2 | F6: =IF(ISNUMBER(VALUE(LEFT(B6,5)))=TRUE,LEFT(B6,5),IF(ISNUMBER(VALUE(LEFT(B6,4)))=TRUE,LEFT(B6,4),LEFT(B6,3))) -> 1730 | G6: =LEN(B6) -> 13 | H6: =VLOOKUP(B6,[1]Sheet1!$D:$AB,25,0) -> Regular-Gask | I6: =LOOKUP(C6, $AY$3:$AY$8, $AZ$3:$AZ$8) -> 101-300 | J6: =VLOOKUP(B6,[1]Sheet1!$D:$Y,22) -> Gask | K6: =VLOOKUP(B6,[1]Sheet1!$D:$AS,42,0) -> JUMBO | N6: 4 | O6: 46149 | P6: =SUMIFS($C:$C,$D:$D,$O6,$A:$A,P$2) -> 677 | Q6: =SUMIFS($C:$C,$D:$D,$O6,$A:$A,Q$2) -> 2080 | R6: =SUMIFS($C:$C,$D:$D,$O6,$A:$A,R$2) -> 1071 | S6: =SUMIFS($C:$C,$D:$D,$O6,$A:$A,S$2) -> 1829 | T6: =SUMIFS($C:$C,$D:$D,$O6,$A:$A,T$2) -> 1591 | U6: =SUMIFS($C:$C,$D:$D,$O6,$A:$A,U$2) -> 1924 | V6: =SUMIFS($C:$C,$D:$D,$O6,$A:$A,V$2) -> 1781 | W6: =SUMIFS($C:$C,$D:$D,$O6,$A:$A,W$2) -> 2941 | ... AC6: =SUMIFS($C:$C,$D:$D,$O6,$A:$A,AC$2) -> 0 | AF6: Week 4 | AG6: =SUM(P19:P25) -> 11910 | AH6: =SUM(Q19:Q25) -> 11380 | AI6: =SUM(R19:R25) -> 9020 | AJ6: =SUM(S19:S25) -> 12125 | AK6: =SUM(T19:T25) -> 12211 | AL6: =SUM(U19:U25) -> 10864 | AM6: =SUM(V19:V25) -> 12628 | AN6: =SUM(W19:W25) -> 12480 | ... AT6: =SUM(AC19:AC25) -> 5423 | AY6: 301 | AZ6: 301-500
A7: KMC | B7: 1733KCA32/IND | C7: 199 | D7: 46146 | E7: 1 | F7: =IF(ISNUMBER(VALUE(LEFT(B7,5)))=TRUE,LEFT(B7,5),IF(ISNUMBER(VALUE(LEFT(B7,4)))=TRUE,LEFT(B7,4),LEFT(B7,3))) -> 1733 | G7: =LEN(B7) -> 13 | H7: =VLOOKUP(B7,[1]Sheet1!$D:$AB,25,0) -> MG Adhe + PB Assy + DR Sticker | I7: =LOOKUP(C7, $AY$3:$AY$8, $AZ$3:$AZ$8) -> 101-300 | J7: =VLOOKUP(B7,[1]Sheet1!$D:$Y,22) -> Adhe | K7: =VLOOKUP(B7,[1]Sheet1!$D:$AS,42,0) -> JUMBO | N7: 5 | O7: 46150 | P7: =SUMIFS($C:$C,$D:$D,$O7,$A:$A,P$2) -> 1222 | Q7: =SUMIFS($C:$C,$D:$D,$O7,$A:$A,Q$2) -> 1277 | R7: =SUMIFS($C:$C,$D:$D,$O7,$A:$A,R$2) -> 1719 | S7: =SUMIFS($C:$C,$D:$D,$O7,$A:$A,S$2) -> 2274 | T7: =SUMIFS($C:$C,$D:$D,$O7,$A:$A,T$2) -> 1213 | U7: =SUMIFS($C:$C,$D:$D,$O7,$A:$A,U$2) -> 2646 | V7: =SUMIFS($C:$C,$D:$D,$O7,$A:$A,V$2) -> 2084 | W7: =SUMIFS($C:$C,$D:$D,$O7,$A:$A,W$2) -> 2004 | ... AC7: =SUMIFS($C:$C,$D:$D,$O7,$A:$A,AC$2) -> 855 | AF7: Total | AG7: =SUM(AG3:AG6) -> 31537 | AH7: =SUM(AH3:AH6) -> 30277 | AI7: =SUM(AI3:AI6) -> 30687 | AJ7: =SUM(AJ3:AJ6) -> 50534 | AK7: =SUM(AK3:AK6) -> 50832 | AL7: =SUM(AL3:AL6) -> 49269 | AM7: =SUM(AM3:AM6) -> 54075 | AN7: =SUM(AN3:AN6) -> 50865 | ... AT7: =SUM(AT3:AT6) -> 12036 | AY7: 501 | AZ7: 501-1000
A8: KMC | B8: 1733KCA34/IND | C8: 89 | D8: 46146 | E8: 1 | F8: =IF(ISNUMBER(VALUE(LEFT(B8,5)))=TRUE,LEFT(B8,5),IF(ISNUMBER(VALUE(LEFT(B8,4)))=TRUE,LEFT(B8,4),LEFT(B8,3))) -> 1733 | G8: =LEN(B8) -> 13 | H8: =VLOOKUP(B8,[1]Sheet1!$D:$AB,25,0) -> MG Adhe + PB Assy + DR Sticker | I8: =LOOKUP(C8, $AY$3:$AY$8, $AZ$3:$AZ$8) -> 51-100 | J8: =VLOOKUP(B8,[1]Sheet1!$D:$Y,22) -> Adhe | K8: =VLOOKUP(B8,[1]Sheet1!$D:$AS,42,0) -> NORMAL | N8: 1 | O8: 46151 | P8: =SUMIFS($C:$C,$D:$D,$O8,$A:$A,P$2) -> 1547 | Q8: =SUMIFS($C:$C,$D:$D,$O8,$A:$A,Q$2) -> 429 | R8: =SUMIFS($C:$C,$D:$D,$O8,$A:$A,R$2) -> 1943 | S8: =SUMIFS($C:$C,$D:$D,$O8,$A:$A,S$2) -> 2856 | T8: =SUMIFS($C:$C,$D:$D,$O8,$A:$A,T$2) -> 3278 | U8: =SUMIFS($C:$C,$D:$D,$O8,$A:$A,U$2) -> 1609 | V8: =SUMIFS($C:$C,$D:$D,$O8,$A:$A,V$2) -> 3195 | W8: =SUMIFS($C:$C,$D:$D,$O8,$A:$A,W$2) -> 2570 | ... AC8: =SUMIFS($C:$C,$D:$D,$O8,$A:$A,AC$2) -> 0 | AY8: 1001 | AZ8: 1000more
A9: G3 | B9: 1767SED31/IND | C9: 85 | D9: 46146 | E9: 1 | F9: =IF(ISNUMBER(VALUE(LEFT(B9,5)))=TRUE,LEFT(B9,5),IF(ISNUMBER(VALUE(LEFT(B9,4)))=TRUE,LEFT(B9,4),LEFT(B9,3))) -> 1767 | G9: =LEN(B9) -> 13 | H9: =VLOOKUP(B9,[1]Sheet1!$D:$AB,25,0) -> Regular-Adhe | I9: =LOOKUP(C9, $AY$3:$AY$8, $AZ$3:$AZ$8) -> 51-100 | J9: =VLOOKUP(B9,[1]Sheet1!$D:$Y,22) -> Adhe | K9: =VLOOKUP(B9,[1]Sheet1!$D:$AS,42,0) -> JUMBO | N9: 2 | O9: 46153 | P9: =SUMIFS($C:$C,$D:$D,$O9,$A:$A,P$2) -> 1189 | Q9: =SUMIFS($C:$C,$D:$D,$O9,$A:$A,Q$2) -> 1772 | R9: =SUMIFS($C:$C,$D:$D,$O9,$A:$A,R$2) -> 1262 | S9: =SUMIFS($C:$C,$D:$D,$O9,$A:$A,S$2) -> 2348 | T9: =SUMIFS($C:$C,$D:$D,$O9,$A:$A,T$2) -> 968 | U9: =SUMIFS($C:$C,$D:$D,$O9,$A:$A,U$2) -> 2215 | V9: =SUMIFS($C:$C,$D:$D,$O9,$A:$A,V$2) -> 1909 | W9: =SUMIFS($C:$C,$D:$D,$O9,$A:$A,W$2) -> 2337 | ... AC9: =SUMIFS($C:$C,$D:$D,$O9,$A:$A,AC$2) -> 0
A10: A3 | B10: 1767SED31/IND | C10: 791 | D10: 46146 | E10: 2 | F10: =IF(ISNUMBER(VALUE(LEFT(B10,5)))=TRUE,LEFT(B10,5),IF(ISNUMBER(VALUE(LEFT(B10,4)))=TRUE,LEFT(B10,4),LEFT(B10,3))) -> 1767 | G10: =LEN(B10) -> 13 | H10: =VLOOKUP(B10,[1]Sheet1!$D:$AB,25,0) -> Regular-Adhe | I10: =LOOKUP(C10, $AY$3:$AY$8, $AZ$3:$AZ$8) -> 501-1000 | J10: =VLOOKUP(B10,[1]Sheet1!$D:$Y,22) -> Adhe | K10: =VLOOKUP(B10,[1]Sheet1!$D:$AS,42,0) -> JUMBO | N10: 3 | O10: 46154 | P10: =SUMIFS($C:$C,$D:$D,$O10,$A:$A,P$2) -> 1184 | Q10: =SUMIFS($C:$C,$D:$D,$O10,$A:$A,Q$2) -> 171 | R10: =SUMIFS($C:$C,$D:$D,$O10,$A:$A,R$2) -> 685 | S10: =SUMIFS($C:$C,$D:$D,$O10,$A:$A,S$2) -> 2397 | T10: =SUMIFS($C:$C,$D:$D,$O10,$A:$A,T$2) -> 1726 | U10: =SUMIFS($C:$C,$D:$D,$O10,$A:$A,U$2) -> 2013 | V10: =SUMIFS($C:$C,$D:$D,$O10,$A:$A,V$2) -> 2251 | W10: =SUMIFS($C:$C,$D:$D,$O10,$A:$A,W$2) -> 2407 | ... AC10: =SUMIFS($C:$C,$D:$D,$O10,$A:$A,AC$2) -> 692 | AG10: A1 | AH10: A2 | AI10: A3 | AJ10: G1 | AK10: G2 | AL10: G3 | AM10: G4 | AN10: G5 | AO10: G6 | AP10: G7 | AQ10: G8 | AR10: KMC | AS10: PED | AT10: PED-Auto
A11: G8 | B11: 1773NAA31/IND | C11: 57 | D11: 46146 | E11: 2 | F11: =IF(ISNUMBER(VALUE(LEFT(B11,5)))=TRUE,LEFT(B11,5),IF(ISNUMBER(VALUE(LEFT(B11,4)))=TRUE,LEFT(B11,4),LEFT(B11,3))) -> 1773 | G11: =LEN(B11) -> 13 | H11: =VLOOKUP(B11,[1]Sheet1!$D:$AB,25,0) -> Regular-Gask | I11: =LOOKUP(C11, $AY$3:$AY$8, $AZ$3:$AZ$8) -> 51-100 | J11: =VLOOKUP(B11,[1]Sheet1!$D:$Y,22) -> Gask | K11: =VLOOKUP(B11,[1]Sheet1!$D:$AS,42,0) -> JUMBO | N11: 4 | O11: 46155 | P11: =SUMIFS($C:$C,$D:$D,$O11,$A:$A,P$2) -> 456 | Q11: =SUMIFS($C:$C,$D:$D,$O11,$A:$A,Q$2) -> 2110 | R11: =SUMIFS($C:$C,$D:$D,$O11,$A:$A,R$2) -> 496 | S11: =SUMIFS($C:$C,$D:$D,$O11,$A:$A,S$2) -> 2232 | T11: =SUMIFS($C:$C,$D:$D,$O11,$A:$A,T$2) -> 1854 | U11: =SUMIFS($C:$C,$D:$D,$O11,$A:$A,U$2) -> 2060 | V11: =SUMIFS($C:$C,$D:$D,$O11,$A:$A,V$2) -> 1823 | W11: =SUMIFS($C:$C,$D:$D,$O11,$A:$A,W$2) -> 1889 | ... AC11: =SUMIFS($C:$C,$D:$D,$O11,$A:$A,AC$2) -> 1109 | AF11: Week 1 | AG11: =AG3/1000 -> 3.998 | AH11: =AH3/1000 -> 4.356 | AI11: =AI3/1000 -> 4.102 | AJ11: =AJ3/1000 -> 7.308 | AK11: =AK3/1000 -> 7.329 | AL11: =AL3/1000 -> 7.3 | AM11: =AM3/1000 -> 7.391 | AN11: =AN3/1000 -> 7.179 | ... AT11: =AT3/1000 -> 1.31
A12: G8 | B12: 1802SAE30/IND | C12: 1015 | D12: 46146 | E12: 1 | F12: =IF(ISNUMBER(VALUE(LEFT(B12,5)))=TRUE,LEFT(B12,5),IF(ISNUMBER(VALUE(LEFT(B12,4)))=TRUE,LEFT(B12,4),LEFT(B12,3))) -> 1802 | G12: =LEN(B12) -> 13 | H12: =VLOOKUP(B12,[1]Sheet1!$D:$AB,25,0) -> Regular-Gask | I12: =LOOKUP(C12, $AY$3:$AY$8, $AZ$3:$AZ$8) -> 1000more | J12: =VLOOKUP(B12,[1]Sheet1!$D:$Y,22) -> Gask | K12: =VLOOKUP(B12,[1]Sheet1!$D:$AS,42,0) -> JUMBO | N12: 5 | O12: 46156 | P12: =SUMIFS($C:$C,$D:$D,$O12,$A:$A,P$2) -> 1428 | Q12: =SUMIFS($C:$C,$D:$D,$O12,$A:$A,Q$2) -> 611 | R12: =SUMIFS($C:$C,$D:$D,$O12,$A:$A,R$2) -> 2498 | S12: =SUMIFS($C:$C,$D:$D,$O12,$A:$A,S$2) -> 1569 | T12: =SUMIFS($C:$C,$D:$D,$O12,$A:$A,T$2) -> 1974 | U12: =SUMIFS($C:$C,$D:$D,$O12,$A:$A,U$2) -> 1921 | V12: =SUMIFS($C:$C,$D:$D,$O12,$A:$A,V$2) -> 2813 | W12: =SUMIFS($C:$C,$D:$D,$O12,$A:$A,W$2) -> 1885 | ... AC12: =SUMIFS($C:$C,$D:$D,$O12,$A:$A,AC$2) -> 0 | AF12: Week 2 | AG12: =AG4/1000 -> 7.751 | AH12: =AH4/1000 -> 6.956 | AI12: =AI4/1000 -> 8.978 | AJ12: =AJ4/1000 -> 15.697 | AK12: =AK4/1000 -> 13.61 | AL12: =AL4/1000 -> 14.812 | AM12: =AM4/1000 -> 16.391 | AN12: =AN4/1000 -> 15.072 | ... AT12: =AT4/1000 -> 2.656
A13: G1 | B13: 1802SAE30/IND | C13: 1253 | D13: 46146 | E13: 2 | F13: =IF(ISNUMBER(VALUE(LEFT(B13,5)))=TRUE,LEFT(B13,5),IF(ISNUMBER(VALUE(LEFT(B13,4)))=TRUE,LEFT(B13,4),LEFT(B13,3))) -> 1802 | G13: =LEN(B13) -> 13 | H13: =VLOOKUP(B13,[1]Sheet1!$D:$AB,25,0) -> Regular-Gask | I13: =LOOKUP(C13, $AY$3:$AY$8, $AZ$3:$AZ$8) -> 1000more | J13: =VLOOKUP(B13,[1]Sheet1!$D:$Y,22) -> Gask | K13: =VLOOKUP(B13,[1]Sheet1!$D:$AS,42,0) -> JUMBO | N13: 1 | O13: 46157 | P13: =SUMIFS($C:$C,$D:$D,$O13,$A:$A,P$2) -> 725 | Q13: =SUMIFS($C:$C,$D:$D,$O13,$A:$A,Q$2) -> 586 | R13: =SUMIFS($C:$C,$D:$D,$O13,$A:$A,R$2) -> 375 | S13: =SUMIFS($C:$C,$D:$D,$O13,$A:$A,S$2) -> 2021 | T13: =SUMIFS($C:$C,$D:$D,$O13,$A:$A,T$2) -> 2597 | U13: =SUMIFS($C:$C,$D:$D,$O13,$A:$A,U$2) -> 2348 | V13: =SUMIFS($C:$C,$D:$D,$O13,$A:$A,V$2) -> 2316 | W13: =SUMIFS($C:$C,$D:$D,$O13,$A:$A,W$2) -> 1980 | ... AC13: =SUMIFS($C:$C,$D:$D,$O13,$A:$A,AC$2) -> 0 | AF13: Week 3 | AG13: =AG5/1000 -> 7.878 | AH13: =AH5/1000 -> 7.585 | AI13: =AI5/1000 -> 8.587 | AJ13: =AJ5/1000 -> 15.404 | AK13: =AK5/1000 -> 17.682 | AL13: =AL5/1000 -> 16.293 | AM13: =AM5/1000 -> 17.665 | AN13: =AN5/1000 -> 16.134 | ... AT13: =AT5/1000 -> 2.647
A14: KMC | B14: 1805SAK31/IND | C14: 321 | D14: 46146 | E14: 1 | F14: =IF(ISNUMBER(VALUE(LEFT(B14,5)))=TRUE,LEFT(B14,5),IF(ISNUMBER(VALUE(LEFT(B14,4)))=TRUE,LEFT(B14,4),LEFT(B14,3))) -> 1805 | G14: =LEN(B14) -> 13 | H14: =VLOOKUP(B14,[1]Sheet1!$D:$AB,25,0) -> MG Adhe + PB assembly | I14: =LOOKUP(C14, $AY$3:$AY$8, $AZ$3:$AZ$8) -> 301-500 | J14: =VLOOKUP(B14,[1]Sheet1!$D:$Y,22) -> Adhe | K14: =VLOOKUP(B14,[1]Sheet1!$D:$AS,42,0) -> JUMBO | N14: 2 | O14: 46158 | P14: =SUMIFS($C:$C,$D:$D,$O14,$A:$A,P$2) -> 695 | Q14: =SUMIFS($C:$C,$D:$D,$O14,$A:$A,Q$2) -> 1001 | R14: =SUMIFS($C:$C,$D:$D,$O14,$A:$A,R$2) -> 716 | S14: =SUMIFS($C:$C,$D:$D,$O14,$A:$A,S$2) -> 2623 | T14: =SUMIFS($C:$C,$D:$D,$O14,$A:$A,T$2) -> 4271 | U14: =SUMIFS($C:$C,$D:$D,$O14,$A:$A,U$2) -> 2589 | V14: =SUMIFS($C:$C,$D:$D,$O14,$A:$A,V$2) -> 2537 | W14: =SUMIFS($C:$C,$D:$D,$O14,$A:$A,W$2) -> 1979 | ... AC14: =SUMIFS($C:$C,$D:$D,$O14,$A:$A,AC$2) -> 945 | AF14: Week 4 | AG14: =AG6/1000 -> 11.91 | AH14: =AH6/1000 -> 11.38 | AI14: =AI6/1000 -> 9.02 | AJ14: =AJ6/1000 -> 12.125 | AK14: =AK6/1000 -> 12.211 | AL14: =AL6/1000 -> 10.864 | AM14: =AM6/1000 -> 12.628 | AN14: =AN6/1000 -> 12.48 | ... AT14: =AT6/1000 -> 5.423
A15: KMC | B15: 1805SAK31/IND | C15: 95 | D15: 46146 | E15: 2 | F15: =IF(ISNUMBER(VALUE(LEFT(B15,5)))=TRUE,LEFT(B15,5),IF(ISNUMBER(VALUE(LEFT(B15,4)))=TRUE,LEFT(B15,4),LEFT(B15,3))) -> 1805 | G15: =LEN(B15) -> 13 | H15: =VLOOKUP(B15,[1]Sheet1!$D:$AB,25,0) -> MG Adhe + PB assembly | I15: =LOOKUP(C15, $AY$3:$AY$8, $AZ$3:$AZ$8) -> 51-100 | J15: =VLOOKUP(B15,[1]Sheet1!$D:$Y,22) -> Adhe | K15: =VLOOKUP(B15,[1]Sheet1!$D:$AS,42,0) -> JUMBO | N15: 3 | O15: 46160 | P15: =SUMIFS($C:$C,$D:$D,$O15,$A:$A,P$2) -> 1645 | Q15: =SUMIFS($C:$C,$D:$D,$O15,$A:$A,Q$2) -> 2009 | R15: =SUMIFS($C:$C,$D:$D,$O15,$A:$A,R$2) -> 750 | S15: =SUMIFS($C:$C,$D:$D,$O15,$A:$A,S$2) -> 3145 | T15: =SUMIFS($C:$C,$D:$D,$O15,$A:$A,T$2) -> 1861 | U15: =SUMIFS($C:$C,$D:$D,$O15,$A:$A,U$2) -> 2570 | V15: =SUMIFS($C:$C,$D:$D,$O15,$A:$A,V$2) -> 3344 | W15: =SUMIFS($C:$C,$D:$D,$O15,$A:$A,W$2) -> 3026 | ... AC15: =SUMIFS($C:$C,$D:$D,$O15,$A:$A,AC$2) -> 1040 | AF15: Total | AG15: =SUM(AG11:AG14) -> 31.537 | AH15: =SUM(AH11:AH14) -> 30.277 | AI15: =SUM(AI11:AI14) -> 30.687 | AJ15: =SUM(AJ11:AJ14) -> 50.534 | AK15: =SUM(AK11:AK14) -> 50.832 | AL15: =SUM(AL11:AL14) -> 49.269 | AM15: =SUM(AM11:AM14) -> 54.075 | AN15: =SUM(AN11:AN14) -> 50.865 | ... AT15: =SUM(AT11:AT14) -> 12.036
A16: G2 | B16: 1824BAA40/IND | C16: 185 | D16: 46146 | E16: 1 | F16: =IF(ISNUMBER(VALUE(LEFT(B16,5)))=TRUE,LEFT(B16,5),IF(ISNUMBER(VALUE(LEFT(B16,4)))=TRUE,LEFT(B16,4),LEFT(B16,3))) -> 1824 | G16: =LEN(B16) -> 13 | H16: =VLOOKUP(B16,[1]Sheet1!$D:$AB,25,0) -> Regular-Gask | I16: =LOOKUP(C16, $AY$3:$AY$8, $AZ$3:$AZ$8) -> 101-300 | J16: =VLOOKUP(B16,[1]Sheet1!$D:$Y,22) -> Gask | K16: =VLOOKUP(B16,[1]Sheet1!$D:$AS,42,0) -> JUMBO | N16: 4 | O16: 46161 | P16: =SUMIFS($C:$C,$D:$D,$O16,$A:$A,P$2) -> 915 | Q16: =SUMIFS($C:$C,$D:$D,$O16,$A:$A,Q$2) -> 424 | R16: =SUMIFS($C:$C,$D:$D,$O16,$A:$A,R$2) -> 1383 | S16: =SUMIFS($C:$C,$D:$D,$O16,$A:$A,S$2) -> 1892 | T16: =SUMIFS($C:$C,$D:$D,$O16,$A:$A,T$2) -> 3000 | U16: =SUMIFS($C:$C,$D:$D,$O16,$A:$A,U$2) -> 1721 | V16: =SUMIFS($C:$C,$D:$D,$O16,$A:$A,V$2) -> 1736 | W16: =SUMIFS($C:$C,$D:$D,$O16,$A:$A,W$2) -> 3060 | ... AC16: =SUMIFS($C:$C,$D:$D,$O16,$A:$A,AC$2) -> 0
A17: G2 | B17: 1824BAB00/IND | C17: 291 | D17: 46146 | E17: 1 | F17: =IF(ISNUMBER(VALUE(LEFT(B17,5)))=TRUE,LEFT(B17,5),IF(ISNUMBER(VALUE(LEFT(B17,4)))=TRUE,LEFT(B17,4),LEFT(B17,3))) -> 1824 | G17: =LEN(B17) -> 13 | H17: =VLOOKUP(B17,[1]Sheet1!$D:$AB,25,0) -> Regular-Gask | I17: =LOOKUP(C17, $AY$3:$AY$8, $AZ$3:$AZ$8) -> 101-300 | J17: =VLOOKUP(B17,[1]Sheet1!$D:$Y,22) -> Gask | K17: =VLOOKUP(B17,[1]Sheet1!$D:$AS,42,0) -> JUMBO | N17: 5 | O17: 46162 | P17: =SUMIFS($C:$C,$D:$D,$O17,$A:$A,P$2) -> 917 | Q17: =SUMIFS($C:$C,$D:$D,$O17,$A:$A,Q$2) -> 1619 | R17: =SUMIFS($C:$C,$D:$D,$O17,$A:$A,R$2) -> 1377 | S17: =SUMIFS($C:$C,$D:$D,$O17,$A:$A,S$2) -> 2798 | T17: =SUMIFS($C:$C,$D:$D,$O17,$A:$A,T$2) -> 2910 | U17: =SUMIFS($C:$C,$D:$D,$O17,$A:$A,U$2) -> 3416 | V17: =SUMIFS($C:$C,$D:$D,$O17,$A:$A,V$2) -> 2932 | W17: =SUMIFS($C:$C,$D:$D,$O17,$A:$A,W$2) -> 2787 | ... AC17: =SUMIFS($C:$C,$D:$D,$O17,$A:$A,AC$2) -> 662
A18: G2 | B18: 1824NAB00/IND | C18: 373 | D18: 46146 | E18: 1 | F18: =IF(ISNUMBER(VALUE(LEFT(B18,5)))=TRUE,LEFT(B18,5),IF(ISNUMBER(VALUE(LEFT(B18,4)))=TRUE,LEFT(B18,4),LEFT(B18,3))) -> 1824 | G18: =LEN(B18) -> 13 | H18: =VLOOKUP(B18,[1]Sheet1!$D:$AB,25,0) -> Regular-Gask | I18: =LOOKUP(C18, $AY$3:$AY$8, $AZ$3:$AZ$8) -> 301-500 | J18: =VLOOKUP(B18,[1]Sheet1!$D:$Y,22) -> Gask | K18: =VLOOKUP(B18,[1]Sheet1!$D:$AS,42,0) -> JUMBO | N18: 6 | O18: 46163 | P18: =SUMIFS($C:$C,$D:$D,$O18,$A:$A,P$2) -> 1553 | Q18: =SUMIFS($C:$C,$D:$D,$O18,$A:$A,Q$2) -> 1335 | R18: =SUMIFS($C:$C,$D:$D,$O18,$A:$A,R$2) -> 1488 | S18: =SUMIFS($C:$C,$D:$D,$O18,$A:$A,S$2) -> 1356 | T18: =SUMIFS($C:$C,$D:$D,$O18,$A:$A,T$2) -> 1069 | U18: =SUMIFS($C:$C,$D:$D,$O18,$A:$A,U$2) -> 1728 | V18: =SUMIFS($C:$C,$D:$D,$O18,$A:$A,V$2) -> 1987 | W18: =SUMIFS($C:$C,$D:$D,$O18,$A:$A,W$2) -> 1417 | ... AC18: =SUMIFS($C:$C,$D:$D,$O18,$A:$A,AC$2) -> 0 | AK18: No of models
A19: G1 | B19: 1825BAA00/IND | C19: 108 | D19: 46146 | E19: 2 | F19: =IF(ISNUMBER(VALUE(LEFT(B19,5)))=TRUE,LEFT(B19,5),IF(ISNUMBER(VALUE(LEFT(B19,4)))=TRUE,LEFT(B19,4),LEFT(B19,3))) -> 1825 | G19: =LEN(B19) -> 13 | H19: =VLOOKUP(B19,[1]Sheet1!$D:$AB,25,0) -> Regular-Gask | I19: =LOOKUP(C19, $AY$3:$AY$8, $AZ$3:$AZ$8) -> 101-300 | J19: =VLOOKUP(B19,[1]Sheet1!$D:$Y,22) -> Gask | K19: =VLOOKUP(B19,[1]Sheet1!$D:$AS,42,0) -> JUMBO | N19: 1 | O19: 46164 | P19: =SUMIFS($C:$C,$D:$D,$O19,$A:$A,P$2) -> 1006 | Q19: =SUMIFS($C:$C,$D:$D,$O19,$A:$A,Q$2) -> 731 | R19: =SUMIFS($C:$C,$D:$D,$O19,$A:$A,R$2) -> 218 | S19: =SUMIFS($C:$C,$D:$D,$O19,$A:$A,S$2) -> 2108 | T19: =SUMIFS($C:$C,$D:$D,$O19,$A:$A,T$2) -> 2179 | U19: =SUMIFS($C:$C,$D:$D,$O19,$A:$A,U$2) -> 1881 | V19: =SUMIFS($C:$C,$D:$D,$O19,$A:$A,V$2) -> 2487 | W19: =SUMIFS($C:$C,$D:$D,$O19,$A:$A,W$2) -> 1908 | ... AC19: =SUMIFS($C:$C,$D:$D,$O19,$A:$A,AC$2) -> 0
A20: G1 | B20: 1825SAC00/IND | C20: 160 | D20: 46146 | E20: 1 | F20: =IF(ISNUMBER(VALUE(LEFT(B20,5)))=TRUE,LEFT(B20,5),IF(ISNUMBER(VALUE(LEFT(B20,4)))=TRUE,LEFT(B20,4),LEFT(B20,3))) -> 1825 | G20: =LEN(B20) -> 13 | H20: =VLOOKUP(B20,[1]Sheet1!$D:$AB,25,0) -> Regular-Gask | I20: =LOOKUP(C20, $AY$3:$AY$8, $AZ$3:$AZ$8) -> 101-300 | J20: =VLOOKUP(B20,[1]Sheet1!$D:$Y,22) -> Gask | K20: =VLOOKUP(B20,[1]Sheet1!$D:$AS,42,0) -> JUMBO | N20: 2 | O20: 46165 | P20: =SUMIFS($C:$C,$D:$D,$O20,$A:$A,P$2) -> 2182 | Q20: =SUMIFS($C:$C,$D:$D,$O20,$A:$A,Q$2) -> 1781 | R20: =SUMIFS($C:$C,$D:$D,$O20,$A:$A,R$2) -> 1085 | S20: =SUMIFS($C:$C,$D:$D,$O20,$A:$A,S$2) -> 1680 | T20: =SUMIFS($C:$C,$D:$D,$O20,$A:$A,T$2) -> 1684 | U20: =SUMIFS($C:$C,$D:$D,$O20,$A:$A,U$2) -> 1400 | V20: =SUMIFS($C:$C,$D:$D,$O20,$A:$A,V$2) -> 2149 | W20: =SUMIFS($C:$C,$D:$D,$O20,$A:$A,W$2) -> 1675 | ... AC20: =SUMIFS($C:$C,$D:$D,$O20,$A:$A,AC$2) -> 1033
A21: G1 | B21: 1825WAA40/IND | C21: 139 | D21: 46146 | E21: 1 | F21: =IF(ISNUMBER(VALUE(LEFT(B21,5)))=TRUE,LEFT(B21,5),IF(ISNUMBER(VALUE(LEFT(B21,4)))=TRUE,LEFT(B21,4),LEFT(B21,3))) -> 1825 | G21: =LEN(B21) -> 13 | H21: =VLOOKUP(B21,[1]Sheet1!$D:$AB,25,0) -> Regular-Gask | I21: =LOOKUP(C21, $AY$3:$AY$8, $AZ$3:$AZ$8) -> 101-300 | J21: =VLOOKUP(B21,[1]Sheet1!$D:$Y,22) -> Gask | K21: =VLOOKUP(B21,[1]Sheet1!$D:$AS,42,0) -> JUMBO | N21: 3 | O21: 46167 | P21: =SUMIFS($C:$C,$D:$D,$O21,$A:$A,P$2) -> 2182 | Q21: =SUMIFS($C:$C,$D:$D,$O21,$A:$A,Q$2) -> 1781 | R21: =SUMIFS($C:$C,$D:$D,$O21,$A:$A,R$2) -> 1085 | S21: =SUMIFS($C:$C,$D:$D,$O21,$A:$A,S$2) -> 1680 | T21: =SUMIFS($C:$C,$D:$D,$O21,$A:$A,T$2) -> 1684 | U21: =SUMIFS($C:$C,$D:$D,$O21,$A:$A,U$2) -> 1400 | V21: =SUMIFS($C:$C,$D:$D,$O21,$A:$A,V$2) -> 2149 | W21: =SUMIFS($C:$C,$D:$D,$O21,$A:$A,W$2) -> 1675 | ... AC21: =SUMIFS($C:$C,$D:$D,$O21,$A:$A,AC$2) -> 1033
A22: PED-AUTO | B22: 1845WAA31/IND | C22: 231 | D22: 46146 | E22: 2 | F22: =IF(ISNUMBER(VALUE(LEFT(B22,5)))=TRUE,LEFT(B22,5),IF(ISNUMBER(VALUE(LEFT(B22,4)))=TRUE,LEFT(B22,4),LEFT(B22,3))) -> 1845 | G22: =LEN(B22) -> 13 | H22: =VLOOKUP(B22,[1]Sheet1!$D:$AB,25,0) -> Regular-Adhe | I22: =LOOKUP(C22, $AY$3:$AY$8, $AZ$3:$AZ$8) -> 101-300 | J22: =VLOOKUP(B22,[1]Sheet1!$D:$Y,22) -> Adhe | K22: =VLOOKUP(B22,[1]Sheet1!$D:$AS,42,0) -> JUMBO | N22: 4 | O22: 46168 | P22: =SUMIFS($C:$C,$D:$D,$O22,$A:$A,P$2) -> 869 | Q22: =SUMIFS($C:$C,$D:$D,$O22,$A:$A,Q$2) -> 1015 | R22: =SUMIFS($C:$C,$D:$D,$O22,$A:$A,R$2) -> 1224 | S22: =SUMIFS($C:$C,$D:$D,$O22,$A:$A,S$2) -> 1659 | T22: =SUMIFS($C:$C,$D:$D,$O22,$A:$A,T$2) -> 1663 | U22: =SUMIFS($C:$C,$D:$D,$O22,$A:$A,U$2) -> 1494 | V22: =SUMIFS($C:$C,$D:$D,$O22,$A:$A,V$2) -> 1472 | W22: =SUMIFS($C:$C,$D:$D,$O22,$A:$A,W$2) -> 1354 | ... AC22: =SUMIFS($C:$C,$D:$D,$O22,$A:$A,AC$2) -> 953
A23: G1 | B23: 2418YAC00/IND | C23: 53 | D23: 46146 | E23: 2 | F23: =IF(ISNUMBER(VALUE(LEFT(B23,5)))=TRUE,LEFT(B23,5),IF(ISNUMBER(VALUE(LEFT(B23,4)))=TRUE,LEFT(B23,4),LEFT(B23,3))) -> 2418 | G23: =LEN(B23) -> 13 | H23: =VLOOKUP(B23,[1]Sheet1!$D:$AB,25,0) -> Regular-Adhe | I23: =LOOKUP(C23, $AY$3:$AY$8, $AZ$3:$AZ$8) -> 51-100 | J23: =VLOOKUP(B23,[1]Sheet1!$D:$Y,22) -> Adhe | K23: =VLOOKUP(B23,[1]Sheet1!$D:$AS,42,0) -> NORMAL | N23: 5 | O23: 46169 | P23: =SUMIFS($C:$C,$D:$D,$O23,$A:$A,P$2) -> 1887 | Q23: =SUMIFS($C:$C,$D:$D,$O23,$A:$A,Q$2) -> 1818 | R23: =SUMIFS($C:$C,$D:$D,$O23,$A:$A,R$2) -> 2086 | S23: =SUMIFS($C:$C,$D:$D,$O23,$A:$A,S$2) -> 2590 | T23: =SUMIFS($C:$C,$D:$D,$O23,$A:$A,T$2) -> 2553 | U23: =SUMIFS($C:$C,$D:$D,$O23,$A:$A,U$2) -> 2398 | V23: =SUMIFS($C:$C,$D:$D,$O23,$A:$A,V$2) -> 2041 | W23: =SUMIFS($C:$C,$D:$D,$O23,$A:$A,W$2) -> 2721 | ... AC23: =SUMIFS($C:$C,$D:$D,$O23,$A:$A,AC$2) -> 1079
A24: G6 | B24: 2579QAC31/IND | C24: 56 | D24: 46146 | E24: 2 | F24: =IF(ISNUMBER(VALUE(LEFT(B24,5)))=TRUE,LEFT(B24,5),IF(ISNUMBER(VALUE(LEFT(B24,4)))=TRUE,LEFT(B24,4),LEFT(B24,3))) -> 2579 | G24: =LEN(B24) -> 13 | H24: =VLOOKUP(B24,[1]Sheet1!$D:$AB,25,0) -> Regular-Adhe | I24: =LOOKUP(C24, $AY$3:$AY$8, $AZ$3:$AZ$8) -> 51-100 | J24: =VLOOKUP(B24,[1]Sheet1!$D:$Y,22) -> Adhe | K24: =VLOOKUP(B24,[1]Sheet1!$D:$AS,42,0) -> NORMAL | N24: 6 | O24: 46171 | P24: =SUMIFS($C:$C,$D:$D,$O24,$A:$A,P$2) -> 2845 | Q24: =SUMIFS($C:$C,$D:$D,$O24,$A:$A,Q$2) -> 2720 | R24: =SUMIFS($C:$C,$D:$D,$O24,$A:$A,R$2) -> 3289 | S24: =SUMIFS($C:$C,$D:$D,$O24,$A:$A,S$2) -> 1785 | T24: =SUMIFS($C:$C,$D:$D,$O24,$A:$A,T$2) -> 2113 | U24: =SUMIFS($C:$C,$D:$D,$O24,$A:$A,U$2) -> 2153 | V24: =SUMIFS($C:$C,$D:$D,$O24,$A:$A,V$2) -> 1289 | W24: =SUMIFS($C:$C,$D:$D,$O24,$A:$A,W$2) -> 1925 | ... AC24: =SUMIFS($C:$C,$D:$D,$O24,$A:$A,AC$2) -> 707
A25: G6 | B25: 2579WAC31/IND | C25: 86 | D25: 46146 | E25: 1 | F25: =IF(ISNUMBER(VALUE(LEFT(B25,5)))=TRUE,LEFT(B25,5),IF(ISNUMBER(VALUE(LEFT(B25,4)))=TRUE,LEFT(B25,4),LEFT(B25,3))) -> 2579 | G25: =LEN(B25) -> 13 | H25: =VLOOKUP(B25,[1]Sheet1!$D:$AB,25,0) -> Regular-Adhe | I25: =LOOKUP(C25, $AY$3:$AY$8, $AZ$3:$AZ$8) -> 51-100 | J25: =VLOOKUP(B25,[1]Sheet1!$D:$Y,22) -> Adhe | K25: =VLOOKUP(B25,[1]Sheet1!$D:$AS,42,0) -> NORMAL | O25: 46172 | P25: =SUMIFS($C:$C,$D:$D,$O25,$A:$A,P$2) -> 939 | Q25: =SUMIFS($C:$C,$D:$D,$O25,$A:$A,Q$2) -> 1534 | R25: =SUMIFS($C:$C,$D:$D,$O25,$A:$A,R$2) -> 33 | S25: =SUMIFS($C:$C,$D:$D,$O25,$A:$A,S$2) -> 623 | T25: =SUMIFS($C:$C,$D:$D,$O25,$A:$A,T$2) -> 335 | U25: =SUMIFS($C:$C,$D:$D,$O25,$A:$A,U$2) -> 138 | V25: =SUMIFS($C:$C,$D:$D,$O25,$A:$A,V$2) -> 1041 | W25: =SUMIFS($C:$C,$D:$D,$O25,$A:$A,W$2) -> 1222 | ... AC25: =SUMIFS($C:$C,$D:$D,$O25,$A:$A,AC$2) -> 618 | AE25: Sum of Qty | AF25: Column Labels
A26: G4 | B26: 2594YAA00/IND | C26: 54 | D26: 46146 | E26: 1 | F26: =IF(ISNUMBER(VALUE(LEFT(B26,5)))=TRUE,LEFT(B26,5),IF(ISNUMBER(VALUE(LEFT(B26,4)))=TRUE,LEFT(B26,4),LEFT(B26,3))) -> 2594 | G26: =LEN(B26) -> 13 | H26: =VLOOKUP(B26,[1]Sheet1!$D:$AB,25,0) -> Regular-Adhe | I26: =LOOKUP(C26, $AY$3:$AY$8, $AZ$3:$AZ$8) -> 51-100 | J26: =VLOOKUP(B26,[1]Sheet1!$D:$Y,22) -> Adhe | K26: =VLOOKUP(B26,[1]Sheet1!$D:$AS,42,0) -> NORMAL | AE26: Row Labels | AF26: (blank) | AG26: Grand Total
A27: G5 | B27: 2598SAA30/IND | C27: 114 | D27: 46146 | E27: 2 | F27: =IF(ISNUMBER(VALUE(LEFT(B27,5)))=TRUE,LEFT(B27,5),IF(ISNUMBER(VALUE(LEFT(B27,4)))=TRUE,LEFT(B27,4),LEFT(B27,3))) -> 2598 | G27: =LEN(B27) -> 13 | H27: =VLOOKUP(B27,[1]Sheet1!$D:$AB,25,0) -> Regular-Gask | I27: =LOOKUP(C27, $AY$3:$AY$8, $AZ$3:$AZ$8) -> 101-300 | J27: =VLOOKUP(B27,[1]Sheet1!$D:$Y,22) -> Gask | K27: =VLOOKUP(B27,[1]Sheet1!$D:$AS,42,0) -> NORMAL | AE27: (blank)
A28: G5 | B28: 2598WAB00/IND | C28: 205 | D28: 46146 | E28: 1 | F28: =IF(ISNUMBER(VALUE(LEFT(B28,5)))=TRUE,LEFT(B28,5),IF(ISNUMBER(VALUE(LEFT(B28,4)))=TRUE,LEFT(B28,4),LEFT(B28,3))) -> 2598 | G28: =LEN(B28) -> 13 | H28: =VLOOKUP(B28,[1]Sheet1!$D:$AB,25,0) -> Regular-Gask | I28: =LOOKUP(C28, $AY$3:$AY$8, $AZ$3:$AZ$8) -> 101-300 | J28: =VLOOKUP(B28,[1]Sheet1!$D:$Y,22) -> Gask | K28: =VLOOKUP(B28,[1]Sheet1!$D:$AS,42,0) -> NORMAL | AE28: Grand Total
A29: G5 | B29: 2598YAB00/IND | C29: 591 | D29: 46146 | E29: 1 | F29: =IF(ISNUMBER(VALUE(LEFT(B29,5)))=TRUE,LEFT(B29,5),IF(ISNUMBER(VALUE(LEFT(B29,4)))=TRUE,LEFT(B29,4),LEFT(B29,3))) -> 2598 | G29: =LEN(B29) -> 13 | H29: =VLOOKUP(B29,[1]Sheet1!$D:$AB,25,0) -> Regular-Gask | I29: =LOOKUP(C29, $AY$3:$AY$8, $AZ$3:$AZ$8) -> 501-1000 | J29: =VLOOKUP(B29,[1]Sheet1!$D:$Y,22) -> Gask | K29: =VLOOKUP(B29,[1]Sheet1!$D:$AS,42,0) -> NORMAL
A30: G5 | B30: 2598YAB40/IND | C30: 436 | D30: 46146 | E30: 1 | F30: =IF(ISNUMBER(VALUE(LEFT(B30,5)))=TRUE,LEFT(B30,5),IF(ISNUMBER(VALUE(LEFT(B30,4)))=TRUE,LEFT(B30,4),LEFT(B30,3))) -> 2598 | G30: =LEN(B30) -> 13 | H30: =VLOOKUP(B30,[1]Sheet1!$D:$AB,25,0) -> Regular-Gask | I30: =LOOKUP(C30, $AY$3:$AY$8, $AZ$3:$AZ$8) -> 301-500 | J30: =VLOOKUP(B30,[1]Sheet1!$D:$Y,22) -> Gask | K30: =VLOOKUP(B30,[1]Sheet1!$D:$AS,42,0) -> NORMAL
A31: KMC | B31: 2603SAD31/IND | C31: 245 | D31: 46146 | E31: 2 | F31: =IF(ISNUMBER(VALUE(LEFT(B31,5)))=TRUE,LEFT(B31,5),IF(ISNUMBER(VALUE(LEFT(B31,4)))=TRUE,LEFT(B31,4),LEFT(B31,3))) -> 2603 | G31: =LEN(B31) -> 13 | H31: =VLOOKUP(B31,[1]Sheet1!$D:$AB,25,0) -> Regular-Adhe | I31: =LOOKUP(C31, $AY$3:$AY$8, $AZ$3:$AZ$8) -> 101-300 | J31: =VLOOKUP(B31,[1]Sheet1!$D:$Y,22) -> Adhe | K31: =VLOOKUP(B31,[1]Sheet1!$D:$AS,42,0) -> NORMAL
A32: G2 | B32: 2603SAD31/IND | C32: 154 | D32: 46146 | E32: 2 | F32: =IF(ISNUMBER(VALUE(LEFT(B32,5)))=TRUE,LEFT(B32,5),IF(ISNUMBER(VALUE(LEFT(B32,4)))=TRUE,LEFT(B32,4),LEFT(B32,3))) -> 2603 | G32: =LEN(B32) -> 13 | H32: =VLOOKUP(B32,[1]Sheet1!$D:$AB,25,0) -> Regular-Adhe | I32: =LOOKUP(C32, $AY$3:$AY$8, $AZ$3:$AZ$8) -> 101-300 | J32: =VLOOKUP(B32,[1]Sheet1!$D:$Y,22) -> Adhe | K32: =VLOOKUP(B32,[1]Sheet1!$D:$AS,42,0) -> NORMAL
A33: KMC | B33: 2603SAD32/IND | C33: 142 | D33: 46146 | E33: 2 | F33: =IF(ISNUMBER(VALUE(LEFT(B33,5)))=TRUE,LEFT(B33,5),IF(ISNUMBER(VALUE(LEFT(B33,4)))=TRUE,LEFT(B33,4),LEFT(B33,3))) -> 2603 | G33: =LEN(B33) -> 13 | H33: =VLOOKUP(B33,[1]Sheet1!$D:$AB,25,0) -> Regular-Adhe | I33: =LOOKUP(C33, $AY$3:$AY$8, $AZ$3:$AZ$8) -> 101-300 | J33: =VLOOKUP(B33,[1]Sheet1!$D:$Y,22) -> Adhe | K33: =VLOOKUP(B33,[1]Sheet1!$D:$AS,42,0) -> NORMAL
A34: G2 | B34: 2608QAB32/IND | C34: 133 | D34: 46146 | E34: 2 | F34: =IF(ISNUMBER(VALUE(LEFT(B34,5)))=TRUE,LEFT(B34,5),IF(ISNUMBER(VALUE(LEFT(B34,4)))=TRUE,LEFT(B34,4),LEFT(B34,3))) -> 2608 | G34: =LEN(B34) -> 13 | H34: =VLOOKUP(B34,[1]Sheet1!$D:$AB,25,0) -> Regular-Adhe | I34: =LOOKUP(C34, $AY$3:$AY$8, $AZ$3:$AZ$8) -> 101-300 | J34: =VLOOKUP(B34,[1]Sheet1!$D:$Y,22) -> Adhe | K34: =VLOOKUP(B34,[1]Sheet1!$D:$AS,42,0) -> NORMAL
A35: G2 | B35: 2608YAB31/IND | C35: 261 | D35: 46146 | E35: 1 | F35: =IF(ISNUMBER(VALUE(LEFT(B35,5)))=TRUE,LEFT(B35,5),IF(ISNUMBER(VALUE(LEFT(B35,4)))=TRUE,LEFT(B35,4),LEFT(B35,3))) -> 2608 | G35: =LEN(B35) -> 13 | H35: =VLOOKUP(B35,[1]Sheet1!$D:$AB,25,0) -> Regular-Adhe | I35: =LOOKUP(C35, $AY$3:$AY$8, $AZ$3:$AZ$8) -> 101-300 | J35: =VLOOKUP(B35,[1]Sheet1!$D:$Y,22) -> Adhe | K35: =VLOOKUP(B35,[1]Sheet1!$D:$AS,42,0) -> NORMAL
A36: G8 | B36: 2622WAA31/IND | C36: 320 | D36: 46146 | E36: 2 | F36: =IF(ISNUMBER(VALUE(LEFT(B36,5)))=TRUE,LEFT(B36,5),IF(ISNUMBER(VALUE(LEFT(B36,4)))=TRUE,LEFT(B36,4),LEFT(B36,3))) -> 2622 | G36: =LEN(B36) -> 13 | H36: =VLOOKUP(B36,[1]Sheet1!$D:$AB,25,0) -> Regular-Adhe | I36: =LOOKUP(C36, $AY$3:$AY$8, $AZ$3:$AZ$8) -> 301-500 | J36: =VLOOKUP(B36,[1]Sheet1!$D:$Y,22) -> Adhe | K36: =VLOOKUP(B36,[1]Sheet1!$D:$AS,42,0) -> NORMAL
A37: G6 | B37: 2637WAA31/IND | C37: 84 | D37: 46146 | E37: 1 | F37: =IF(ISNUMBER(VALUE(LEFT(B37,5)))=TRUE,LEFT(B37,5),IF(ISNUMBER(VALUE(LEFT(B37,4)))=TRUE,LEFT(B37,4),LEFT(B37,3))) -> 2637 | G37: =LEN(B37) -> 13 | H37: =VLOOKUP(B37,[1]Sheet1!$D:$AB,25,0) -> Regular-Adhe | I37: =LOOKUP(C37, $AY$3:$AY$8, $AZ$3:$AZ$8) -> 51-100 | J37: =VLOOKUP(B37,[1]Sheet1!$D:$Y,22) -> Adhe | K37: =VLOOKUP(B37,[1]Sheet1!$D:$AS,42,0) -> NORMAL
A38: G3 | B38: 2639SAA00/IND | C38: 73 | D38: 46146 | E38: 1 | F38: =IF(ISNUMBER(VALUE(LEFT(B38,5)))=TRUE,LEFT(B38,5),IF(ISNUMBER(VALUE(LEFT(B38,4)))=TRUE,LEFT(B38,4),LEFT(B38,3))) -> 2639 | G38: =LEN(B38) -> 13 | H38: =VLOOKUP(B38,[1]Sheet1!$D:$AB,25,0) -> Regular-Gask | I38: =LOOKUP(C38, $AY$3:$AY$8, $AZ$3:$AZ$8) -> 51-100 | J38: =VLOOKUP(B38,[1]Sheet1!$D:$Y,22) -> Gask | K38: =VLOOKUP(B38,[1]Sheet1!$D:$AS,42,0) -> NORMAL
A39: G3 | B39: 2639SAA00/IND | C39: 102 | D39: 46146 | E39: 2 | F39: =IF(ISNUMBER(VALUE(LEFT(B39,5)))=TRUE,LEFT(B39,5),IF(ISNUMBER(VALUE(LEFT(B39,4)))=TRUE,LEFT(B39,4),LEFT(B39,3))) -> 2639 | G39: =LEN(B39) -> 13 | H39: =VLOOKUP(B39,[1]Sheet1!$D:$AB,25,0) -> Regular-Gask | I39: =LOOKUP(C39, $AY$3:$AY$8, $AZ$3:$AZ$8) -> 101-300 | J39: =VLOOKUP(B39,[1]Sheet1!$D:$Y,22) -> Gask | K39: =VLOOKUP(B39,[1]Sheet1!$D:$AS,42,0) -> NORMAL
A40: G3 | B40: 2642YAA31/IND | C40: 137 | D40: 46146 | E40: 1 | F40: =IF(ISNUMBER(VALUE(LEFT(B40,5)))=TRUE,LEFT(B40,5),IF(ISNUMBER(VALUE(LEFT(B40,4)))=TRUE,LEFT(B40,4),LEFT(B40,3))) -> 2642 | G40: =LEN(B40) -> 13 | H40: =VLOOKUP(B40,[1]Sheet1!$D:$AB,25,0) -> Regular-Adhe | I40: =LOOKUP(C40, $AY$3:$AY$8, $AZ$3:$AZ$8) -> 101-300 | J40: =VLOOKUP(B40,[1]Sheet1!$D:$Y,22) -> Adhe | K40: =VLOOKUP(B40,[1]Sheet1!$D:$AS,42,0) -> NORMAL
... A44: PED-AUTO | B44: 2652NAA31/IND | C44: 204 | D44: 46146 | E44: 2 | F44: =IF(ISNUMBER(VALUE(LEFT(B44,5)))=TRUE,LEFT(B44,5),IF(ISNUMBER(VALUE(LEFT(B44,4)))=TRUE,LEFT(B44,4),LEFT(B44,3))) -> 2652 | G44: =LEN(B44) -> 13 | H44: =VLOOKUP(B44,[1]Sheet1!$D:$AB,25,0) -> Regular-Adhe | I44: =LOOKUP(C44, $AY$3:$AY$8, $AZ$3:$AZ$8) -> 101-300 | J44: =VLOOKUP(B44,[1]Sheet1!$D:$Y,22) -> Adhe | K44: =VLOOKUP(B44,[1]Sheet1!$D:$AS,42,0) -> NORMAL
A45: G5 | B45: 2660NAA31/IND | C45: 233 | D45: 46146 | E45: 2 | F45: =IF(ISNUMBER(VALUE(LEFT(B45,5)))=TRUE,LEFT(B45,5),IF(ISNUMBER(VALUE(LEFT(B45,4)))=TRUE,LEFT(B45,4),LEFT(B45,3))) -> 2660 | G45: =LEN(B45) -> 13 | H45: =VLOOKUP(B45,[1]Sheet1!$D:$AB,25,0) -> Regular-Gask | I45: =LOOKUP(C45, $AY$3:$AY$8, $AZ$3:$AZ$8) -> 101-300 | J45: =VLOOKUP(B45,[1]Sheet1!$D:$Y,22) -> Gask | K45: =VLOOKUP(B45,[1]Sheet1!$D:$AS,42,0) -> NORMAL | AF45: Sum of Qty | AG45: Column Labels
A46: G7 | B46: 2665WAA31/IND | C46: 379 | D46: 46146 | E46: 2 | F46: =IF(ISNUMBER(VALUE(LEFT(B46,5)))=TRUE,LEFT(B46,5),IF(ISNUMBER(VALUE(LEFT(B46,4)))=TRUE,LEFT(B46,4),LEFT(B46,3))) -> 2665 | G46: =LEN(B46) -> 13 | H46: =VLOOKUP(B46,[1]Sheet1!$D:$AB,25,0) -> Regular-Adhe | I46: =LOOKUP(C46, $AY$3:$AY$8, $AZ$3:$AZ$8) -> 301-500 | J46: =VLOOKUP(B46,[1]Sheet1!$D:$Y,22) -> Adhe | K46: =VLOOKUP(B46,[1]Sheet1!$D:$AS,42,0) -> NORMAL | AF46: Row Labels | AG46: (blank) | AH46: Grand Total | AM46: MG-Adh | AN46: MG-Stick | AO46: MG-Gaks
A47: G1 | B47: 2669WAA31/IND | C47: 88 | D47: 46146 | E47: 1 | F47: =IF(ISNUMBER(VALUE(LEFT(B47,5)))=TRUE,LEFT(B47,5),IF(ISNUMBER(VALUE(LEFT(B47,4)))=TRUE,LEFT(B47,4),LEFT(B47,3))) -> 2669 | G47: =LEN(B47) -> 13 | H47: =VLOOKUP(B47,[1]Sheet1!$D:$AB,25,0) -> Regular-Adhe | I47: =LOOKUP(C47, $AY$3:$AY$8, $AZ$3:$AZ$8) -> 51-100 | J47: =VLOOKUP(B47,[1]Sheet1!$D:$Y,22) -> Adhe | K47: =VLOOKUP(B47,[1]Sheet1!$D:$AS,42,0) -> NORMAL | AF47: (blank) | AM47: =AG47/AK47 -> #DIV/0! | AN47: =AH47/AK47 -> #DIV/0! | AO47: =AI47/AK47 -> #DIV/0!
A48: G3 | B48: 2683WAA30/IND | C48: 100 | D48: 46146 | E48: 1 | F48: =IF(ISNUMBER(VALUE(LEFT(B48,5)))=TRUE,LEFT(B48,5),IF(ISNUMBER(VALUE(LEFT(B48,4)))=TRUE,LEFT(B48,4),LEFT(B48,3))) -> 2683 | G48: =LEN(B48) -> 13 | H48: =VLOOKUP(B48,[1]Sheet1!$D:$AB,25,0) -> Regular-Gask | I48: =LOOKUP(C48, $AY$3:$AY$8, $AZ$3:$AZ$8) -> 51-100 | J48: =VLOOKUP(B48,[1]Sheet1!$D:$Y,22) -> Gask | K48: =VLOOKUP(B48,[1]Sheet1!$D:$AS,42,0) -> NORMAL | AF48: Grand Total | AM48: =AG48/AK48 -> #DIV/0! | AN48: =AH48/AK48 -> #DIV/0! | AO48: =AI48/AK48 -> #DIV/0!
A49: G6 | B49: 2687WAA31/IND | C49: 254 | D49: 46146 | E49: 1 | F49: =IF(ISNUMBER(VALUE(LEFT(B49,5)))=TRUE,LEFT(B49,5),IF(ISNUMBER(VALUE(LEFT(B49,4)))=TRUE,LEFT(B49,4),LEFT(B49,3))) -> 2687 | G49: =LEN(B49) -> 13 | H49: =VLOOKUP(B49,[1]Sheet1!$D:$AB,25,0) -> Regular-Adhe | I49: =LOOKUP(C49, $AY$3:$AY$8, $AZ$3:$AZ$8) -> 101-300 | J49: =VLOOKUP(B49,[1]Sheet1!$D:$Y,22) -> Adhe | K49: =VLOOKUP(B49,[1]Sheet1!$D:$AS,42,0) -> NORMAL | AM49: =AG49/AK49 -> #DIV/0! | AN49: =AH49/AK49 -> #DIV/0! | AO49: =AI49/AK49 -> #DIV/0!
A50: G1 | B50: 2724WAA31/IND | C50: 126 | D50: 46146 | E50: 2 | F50: =IF(ISNUMBER(VALUE(LEFT(B50,5)))=TRUE,LEFT(B50,5),IF(ISNUMBER(VALUE(LEFT(B50,4)))=TRUE,LEFT(B50,4),LEFT(B50,3))) -> 2724 | G50: =LEN(B50) -> 13 | H50: =VLOOKUP(B50,[1]Sheet1!$D:$AB,25,0) -> Regular-Adhe | I50: =LOOKUP(C50, $AY$3:$AY$8, $AZ$3:$AZ$8) -> 101-300 | J50: =VLOOKUP(B50,[1]Sheet1!$D:$Y,22) -> Adhe | K50: =VLOOKUP(B50,[1]Sheet1!$D:$AS,42,0) -> NORMAL | AM50: =AG50/AK50 -> #DIV/0! | AN50: =AH50/AK50 -> #DIV/0! | AO50: =AI50/AK50 -> #DIV/0!
A51: G1 | B51: 2724YAA31/IND | C51: 171 | D51: 46146 | E51: 1 | F51: =IF(ISNUMBER(VALUE(LEFT(B51,5)))=TRUE,LEFT(B51,5),IF(ISNUMBER(VALUE(LEFT(B51,4)))=TRUE,LEFT(B51,4),LEFT(B51,3))) -> 2724 | G51: =LEN(B51) -> 13 | H51: =VLOOKUP(B51,[1]Sheet1!$D:$AB,25,0) -> Regular-Adhe | I51: =LOOKUP(C51, $AY$3:$AY$8, $AZ$3:$AZ$8) -> 101-300 | J51: =VLOOKUP(B51,[1]Sheet1!$D:$Y,22) -> Adhe | K51: =VLOOKUP(B51,[1]Sheet1!$D:$AS,42,0) -> NORMAL | AM51: =AG51/AK51 -> #DIV/0! | AN51: =AH51/AK51 -> #DIV/0! | AO51: =AI51/AK51 -> #DIV/0!
A52: G6 | B52: 2727YAA31/IND | C52: 203 | D52: 46146 | E52: 2 | F52: =IF(ISNUMBER(VALUE(LEFT(B52,5)))=TRUE,LEFT(B52,5),IF(ISNUMBER(VALUE(LEFT(B52,4)))=TRUE,LEFT(B52,4),LEFT(B52,3))) -> 2727 | G52: =LEN(B52) -> 13 | H52: =VLOOKUP(B52,[1]Sheet1!$D:$AB,25,0) -> Regular-Adhe | I52: =LOOKUP(C52, $AY$3:$AY$8, $AZ$3:$AZ$8) -> 101-300 | J52: =VLOOKUP(B52,[1]Sheet1!$D:$Y,22) -> Adhe | K52: =VLOOKUP(B52,[1]Sheet1!$D:$AS,42,0) -> NORMAL | AM52: =AG52/AK52 -> #DIV/0! | AN52: =AH52/AK52 -> #DIV/0! | AO52: =AI52/AK52 -> #DIV/0!
A53: KMC | B53: 2747WAA31/IND | C53: 60 | D53: 46146 | E53: 1 | F53: =IF(ISNUMBER(VALUE(LEFT(B53,5)))=TRUE,LEFT(B53,5),IF(ISNUMBER(VALUE(LEFT(B53,4)))=TRUE,LEFT(B53,4),LEFT(B53,3))) -> 2747 | G53: =LEN(B53) -> 13 | H53: =VLOOKUP(B53,[1]Sheet1!$D:$AB,25,0) -> Regular-Adhe | I53: =LOOKUP(C53, $AY$3:$AY$8, $AZ$3:$AZ$8) -> 51-100 | J53: =VLOOKUP(B53,[1]Sheet1!$D:$Y,22) -> Adhe | K53: =VLOOKUP(B53,[1]Sheet1!$D:$AS,42,0) -> JUMBO | AM53: =AG53/AK53 -> #DIV/0! | AN53: =AH53/AK53 -> #DIV/0! | AO53: =AI53/AK53 -> #DIV/0!
A54: G8 | B54: 2760QAA00/IND | C54: 207 | D54: 46146 | E54: 1 | F54: =IF(ISNUMBER(VALUE(LEFT(B54,5)))=TRUE,LEFT(B54,5),IF(ISNUMBER(VALUE(LEFT(B54,4)))=TRUE,LEFT(B54,4),LEFT(B54,3))) -> 2760 | G54: =LEN(B54) -> 13 | H54: =VLOOKUP(B54,[1]Sheet1!$D:$AB,25,0) -> Regular-Gask | I54: =LOOKUP(C54, $AY$3:$AY$8, $AZ$3:$AZ$8) -> 101-300 | J54: =VLOOKUP(B54,[1]Sheet1!$D:$Y,22) -> Adhe | K54: =VLOOKUP(B54,[1]Sheet1!$D:$AS,42,0) -> NORMAL | AM54: =AG54/AK54 -> #DIV/0! | AN54: =AH54/AK54 -> #DIV/0! | AO54: =AI54/AK54 -> #DIV/0!
A55: G7 | B55: 2761SAA31/IND | C55: 173 | D55: 46146 | E55: 2 | F55: =IF(ISNUMBER(VALUE(LEFT(B55,5)))=TRUE,LEFT(B55,5),IF(ISNUMBER(VALUE(LEFT(B55,4)))=TRUE,LEFT(B55,4),LEFT(B55,3))) -> 2761 | G55: =LEN(B55) -> 13 | H55: =VLOOKUP(B55,[1]Sheet1!$D:$AB,25,0) -> Regular-Adhe | I55: =LOOKUP(C55, $AY$3:$AY$8, $AZ$3:$AZ$8) -> 101-300 | J55: =VLOOKUP(B55,[1]Sheet1!$D:$Y,22) -> Adhe | K55: =VLOOKUP(B55,[1]Sheet1!$D:$AS,42,0) -> NORMAL | AM55: =AG55/AK55 -> #DIV/0! | AN55: =AH55/AK55 -> #DIV/0! | AO55: =AI55/AK55 -> #DIV/0!
A56: PED | B56: 2784WAA00/IND | C56: 296 | D56: 46146 | E56: 2 | F56: =IF(ISNUMBER(VALUE(LEFT(B56,5)))=TRUE,LEFT(B56,5),IF(ISNUMBER(VALUE(LEFT(B56,4)))=TRUE,LEFT(B56,4),LEFT(B56,3))) -> 2784 | G56: =LEN(B56) -> 13 | H56: =VLOOKUP(B56,[1]Sheet1!$D:$AB,25,0) -> Regular-Gask | I56: =LOOKUP(C56, $AY$3:$AY$8, $AZ$3:$AZ$8) -> 101-300 | J56: =VLOOKUP(B56,[1]Sheet1!$D:$Y,22) -> Adhe | K56: =VLOOKUP(B56,[1]Sheet1!$D:$AS,42,0) -> NORMAL | AM56: =AG56/AK56 -> #DIV/0! | AN56: =AH56/AK56 -> #DIV/0! | AO56: =AI56/AK56 -> #DIV/0!
A57: PED | B57: 2784WAA31/IND | C57: 374 | D57: 46146 | E57: 2 | F57: =IF(ISNUMBER(VALUE(LEFT(B57,5)))=TRUE,LEFT(B57,5),IF(ISNUMBER(VALUE(LEFT(B57,4)))=TRUE,LEFT(B57,4),LEFT(B57,3))) -> 2784 | G57: =LEN(B57) -> 13 | H57: =VLOOKUP(B57,[1]Sheet1!$D:$AB,25,0) -> Regular-Gask | I57: =LOOKUP(C57, $AY$3:$AY$8, $AZ$3:$AZ$8) -> 301-500 | J57: =VLOOKUP(B57,[1]Sheet1!$D:$Y,22) -> Adhe | K57: =VLOOKUP(B57,[1]Sheet1!$D:$AS,42,0) -> NORMAL | AM57: =AG57/AK57 -> #DIV/0! | AN57: =AH57/AK57 -> #DIV/0! | AO57: =AI57/AK57 -> #DIV/0!
A58: G4 | B58: 2786WAA31/IND | C58: 294 | D58: 46146 | E58: 2 | F58: =IF(ISNUMBER(VALUE(LEFT(B58,5)))=TRUE,LEFT(B58,5),IF(ISNUMBER(VALUE(LEFT(B58,4)))=TRUE,LEFT(B58,4),LEFT(B58,3))) -> 2786 | G58: =LEN(B58) -> 13 | H58: =VLOOKUP(B58,[1]Sheet1!$D:$AB,25,0) -> Regular-Adhe | I58: =LOOKUP(C58, $AY$3:$AY$8, $AZ$3:$AZ$8) -> 101-300 | J58: =VLOOKUP(B58,[1]Sheet1!$D:$Y,22) -> Adhe | K58: =VLOOKUP(B58,[1]Sheet1!$D:$AS,42,0) -> NORMAL | AM58: =AG58/AK58 -> #DIV/0! | AN58: =AH58/AK58 -> #DIV/0! | AO58: =AI58/AK58 -> #DIV/0!
A59: PED | B59: 2799WAA31/IND | C59: 158 | D59: 46146 | E59: 1 | F59: =IF(ISNUMBER(VALUE(LEFT(B59,5)))=TRUE,LEFT(B59,5),IF(ISNUMBER(VALUE(LEFT(B59,4)))=TRUE,LEFT(B59,4),LEFT(B59,3))) -> 2799 | G59: =LEN(B59) -> 13 | H59: =VLOOKUP(B59,[1]Sheet1!$D:$AB,25,0) -> Regular-Adhe | I59: =LOOKUP(C59, $AY$3:$AY$8, $AZ$3:$AZ$8) -> 101-300 | J59: =VLOOKUP(B59,[1]Sheet1!$D:$Y,22) -> Adhe | K59: =VLOOKUP(B59,[1]Sheet1!$D:$AS,42,0) -> NORMAL | AM59: =AG59/AK59 -> #DIV/0! | AN59: =AH59/AK59 -> #DIV/0! | AO59: =AI59/AK59 -> #DIV/0!
A60: A1 | B60: 3099KSJ31/IND | C60: 253 | D60: 46146 | E60: 1 | F60: =IF(ISNUMBER(VALUE(LEFT(B60,5)))=TRUE,LEFT(B60,5),IF(ISNUMBER(VALUE(LEFT(B60,4)))=TRUE,LEFT(B60,4),LEFT(B60,3))) -> 3099 | G60: =LEN(B60) -> 13 | H60: =VLOOKUP(B60,[1]Sheet1!$D:$AB,25,0) -> MG Gask + DR Adhe + Orientation | I60: =LOOKUP(C60, $AY$3:$AY$8, $AZ$3:$AZ$8) -> 101-300 | J60: =VLOOKUP(B60,[1]Sheet1!$D:$Y,22) -> Gask | K60: =VLOOKUP(B60,[1]Sheet1!$D:$AS,42,0) -> JUMBO
A61: A1 | B61: 3147KSA32/IND | C61: 143 | D61: 46146 | E61: 2 | F61: =IF(ISNUMBER(VALUE(LEFT(B61,5)))=TRUE,LEFT(B61,5),IF(ISNUMBER(VALUE(LEFT(B61,4)))=TRUE,LEFT(B61,4),LEFT(B61,3))) -> 3147 | G61: =LEN(B61) -> 13 | H61: =VLOOKUP(B61,[1]Sheet1!$D:$AB,25,0) -> MG Sticker + DR Sticker | I61: =LOOKUP(C61, $AY$3:$AY$8, $AZ$3:$AZ$8) -> 101-300 | J61: =VLOOKUP(B61,[1]Sheet1!$D:$Y,22) -> Sticker | K61: =VLOOKUP(B61,[1]Sheet1!$D:$AS,42,0) -> JUMBO
A62: G4 | B62: 3215SSA32/IND | C62: 65 | D62: 46146 | E62: 1 | F62: =IF(ISNUMBER(VALUE(LEFT(B62,5)))=TRUE,LEFT(B62,5),IF(ISNUMBER(VALUE(LEFT(B62,4)))=TRUE,LEFT(B62,4),LEFT(B62,3))) -> 3215 | G62: =LEN(B62) -> 13 | H62: =VLOOKUP(B62,[1]Sheet1!$D:$AB,25,0) -> Regular-Adhe | I62: =LOOKUP(C62, $AY$3:$AY$8, $AZ$3:$AZ$8) -> 51-100 | J62: =VLOOKUP(B62,[1]Sheet1!$D:$Y,22) -> Adhe | K62: =VLOOKUP(B62,[1]Sheet1!$D:$AS,42,0) -> JUMBO
A63: PED-AUTO | B63: 3215SSA32/IND | C63: 170 | D63: 46146 | E63: 2 | F63: =IF(ISNUMBER(VALUE(LEFT(B63,5)))=TRUE,LEFT(B63,5),IF(ISNUMBER(VALUE(LEFT(B63,4)))=TRUE,LEFT(B63,4),LEFT(B63,3))) -> 3215 | G63: =LEN(B63) -> 13 | H63: =VLOOKUP(B63,[1]Sheet1!$D:$AB,25,0) -> Regular-Adhe | I63: =LOOKUP(C63, $AY$3:$AY$8, $AZ$3:$AZ$8) -> 101-300 | J63: =VLOOKUP(B63,[1]Sheet1!$D:$Y,22) -> Adhe | K63: =VLOOKUP(B63,[1]Sheet1!$D:$AS,42,0) -> JUMBO
A64: PED-AUTO | B64: 3215SSA33/IND | C64: 96 | D64: 46146 | E64: 2 | F64: =IF(ISNUMBER(VALUE(LEFT(B64,5)))=TRUE,LEFT(B64,5),IF(ISNUMBER(VALUE(LEFT(B64,4)))=TRUE,LEFT(B64,4),LEFT(B64,3))) -> 3215 | G64: =LEN(B64) -> 13 | H64: =VLOOKUP(B64,[1]Sheet1!$D:$AB,25,0) -> Regular-Adhe | I64: =LOOKUP(C64, $AY$3:$AY$8, $AZ$3:$AZ$8) -> 51-100 | J64: =VLOOKUP(B64,[1]Sheet1!$D:$Y,22) -> Adhe | K64: =VLOOKUP(B64,[1]Sheet1!$D:$AS,42,0) -> JUMBO
A65: G3 | B65: 3220SAA00/IND | C65: 84 | D65: 46146 | E65: 1 | F65: =IF(ISNUMBER(VALUE(LEFT(B65,5)))=TRUE,LEFT(B65,5),IF(ISNUMBER(VALUE(LEFT(B65,4)))=TRUE,LEFT(B65,4),LEFT(B65,3))) -> 3220 | G65: =LEN(B65) -> 13 | H65: =VLOOKUP(B65,[1]Sheet1!$D:$AB,25,0) -> Regular-Gask | I65: =LOOKUP(C65, $AY$3:$AY$8, $AZ$3:$AZ$8) -> 51-100 | J65: =VLOOKUP(B65,[1]Sheet1!$D:$Y,22) -> Gask | K65: =VLOOKUP(B65,[1]Sheet1!$D:$AS,42,0) -> JUMBO
A66: A2 | B66: 3227SFA00/IND | C66: 92 | D66: 46146 | E66: 2 | F66: =IF(ISNUMBER(VALUE(LEFT(B66,5)))=TRUE,LEFT(B66,5),IF(ISNUMBER(VALUE(LEFT(B66,4)))=TRUE,LEFT(B66,4),LEFT(B66,3))) -> 3227 | G66: =LEN(B66) -> 13 | H66: =VLOOKUP(B66,[1]Sheet1!$D:$AB,25,0) -> MG Gask + PB assembly | I66: =LOOKUP(C66, $AY$3:$AY$8, $AZ$3:$AZ$8) -> 51-100 | J66: =VLOOKUP(B66,[1]Sheet1!$D:$Y,22) -> Gask | K66: =VLOOKUP(B66,[1]Sheet1!$D:$AS,42,0) -> JUMBO
A67: G6 | B67: 3240SAA00/IND | C67: 745 | D67: 46146 | E67: 1 | F67: =IF(ISNUMBER(VALUE(LEFT(B67,5)))=TRUE,LEFT(B67,5),IF(ISNUMBER(VALUE(LEFT(B67,4)))=TRUE,LEFT(B67,4),LEFT(B67,3))) -> 3240 | G67: =LEN(B67) -> 13 | H67: =VLOOKUP(B67,[1]Sheet1!$D:$AB,25,0) -> Regular-Adhe | I67: =LOOKUP(C67, $AY$3:$AY$8, $AZ$3:$AZ$8) -> 501-1000 | J67: =VLOOKUP(B67,[1]Sheet1!$D:$Y,22) -> Adhe | K67: =VLOOKUP(B67,[1]Sheet1!$D:$AS,42,0) -> JUMBO
A68: G4 | B68: 3246NSA31/IND | C68: 95 | D68: 46146 | E68: 2 | F68: =IF(ISNUMBER(VALUE(LEFT(B68,5)))=TRUE,LEFT(B68,5),IF(ISNUMBER(VALUE(LEFT(B68,4)))=TRUE,LEFT(B68,4),LEFT(B68,3))) -> 3246 | G68: =LEN(B68) -> 13 | H68: =VLOOKUP(B68,[1]Sheet1!$D:$AB,25,0) -> Regular-Gask | I68: =LOOKUP(C68, $AY$3:$AY$8, $AZ$3:$AZ$8) -> 51-100 | J68: =VLOOKUP(B68,[1]Sheet1!$D:$Y,22) -> Gask | K68: =VLOOKUP(B68,[1]Sheet1!$D:$AS,42,0) -> JUMBO
A69: G8 | B69: 3247SAB00/IND | C69: 171 | D69: 46146 | E69: 2 | F69: =IF(ISNUMBER(VALUE(LEFT(B69,5)))=TRUE,LEFT(B69,5),IF(ISNUMBER(VALUE(LEFT(B69,4)))=TRUE,LEFT(B69,4),LEFT(B69,3))) -> 3247 | G69: =LEN(B69) -> 13 | H69: =VLOOKUP(B69,[1]Sheet1!$D:$AB,25,0) -> Regular-Gask | I69: =LOOKUP(C69, $AY$3:$AY$8, $AZ$3:$AZ$8) -> 101-300 | J69: =VLOOKUP(B69,[1]Sheet1!$D:$Y,22) -> Gask | K69: =VLOOKUP(B69,[1]Sheet1!$D:$AS,42,0) -> JUMBO
A70: A2 | B70: 3270NCB31/IND | C70: 97 | D70: 46146 | E70: 1 | F70: =IF(ISNUMBER(VALUE(LEFT(B70,5)))=TRUE,LEFT(B70,5),IF(ISNUMBER(VALUE(LEFT(B70,4)))=TRUE,LEFT(B70,4),LEFT(B70,3))) -> 3270 | G70: =LEN(B70) -> 13 | H70: =VLOOKUP(B70,[1]Sheet1!$D:$AB,25,0) -> MG Adhe + DR Adhe + PB assly | I70: =LOOKUP(C70, $AY$3:$AY$8, $AZ$3:$AZ$8) -> 51-100 | J70: =VLOOKUP(B70,[1]Sheet1!$D:$Y,22) -> Adhe | K70: =VLOOKUP(B70,[1]Sheet1!$D:$AS,42,0) -> NORMAL
A71: G7 | B71: 3277NAA32/IND | C71: 147 | D71: 46146 | E71: 2 | F71: =IF(ISNUMBER(VALUE(LEFT(B71,5)))=TRUE,LEFT(B71,5),IF(ISNUMBER(VALUE(LEFT(B71,4)))=TRUE,LEFT(B71,4),LEFT(B71,3))) -> 3277 | G71: =LEN(B71) -> 13 | H71: =VLOOKUP(B71,[1]Sheet1!$D:$AB,25,0) -> Regular-Gask | I71: =LOOKUP(C71, $AY$3:$AY$8, $AZ$3:$AZ$8) -> 101-300 | J71: =VLOOKUP(B71,[1]Sheet1!$D:$Y,22) -> Gask | K71: =VLOOKUP(B71,[1]Sheet1!$D:$AS,42,0) -> JUMBO
A72: A3 | B72: 3286KAA31/IND | C72: 172 | D72: 46146 | E72: 2 | F72: =IF(ISNUMBER(VALUE(LEFT(B72,5)))=TRUE,LEFT(B72,5),IF(ISNUMBER(VALUE(LEFT(B72,4)))=TRUE,LEFT(B72,4),LEFT(B72,3))) -> 3286 | G72: =LEN(B72) -> 13 | H72: =VLOOKUP(B72,[1]Sheet1!$D:$AB,25,0) -> MG Gask + DR Adhe - Orientation + PB Assy | I72: =LOOKUP(C72, $AY$3:$AY$8, $AZ$3:$AZ$8) -> 101-300 | J72: =VLOOKUP(B72,[1]Sheet1!$D:$Y,22) -> Adhe | K72: =VLOOKUP(B72,[1]Sheet1!$D:$AS,42,0) -> JUMBO | P72: =AVERAGE(P47:P68) -> #DIV/0! | Q72: =AVERAGE(Q47:Q68) -> #DIV/0! | R72: =AVERAGE(R47:R68) -> #DIV/0! | S72: =AVERAGE(S47:S68) -> #DIV/0! | T72: =AVERAGE(T47:T68) -> #DIV/0! | U72: =AVERAGE(U47:U68) -> #DIV/0! | V72: =AVERAGE(V47:V68) -> #DIV/0! | W72: =AVERAGE(W47:W68) -> #DIV/0! | ... AB72: =AVERAGE(AB47:AB68) -> #DIV/0!
A73: G4 | B73: 3291SAA00/IND | C73: 1222 | D73: 46146 | E73: 1 | F73: =IF(ISNUMBER(VALUE(LEFT(B73,5)))=TRUE,LEFT(B73,5),IF(ISNUMBER(VALUE(LEFT(B73,4)))=TRUE,LEFT(B73,4),LEFT(B73,3))) -> 3291 | G73: =LEN(B73) -> 13 | H73: =VLOOKUP(B73,[1]Sheet1!$D:$AB,25,0) -> Regular-Gask | I73: =LOOKUP(C73, $AY$3:$AY$8, $AZ$3:$AZ$8) -> 1000more | J73: =VLOOKUP(B73,[1]Sheet1!$D:$Y,22) -> Gask | K73: =VLOOKUP(B73,[1]Sheet1!$D:$AS,42,0) -> JUMBO
A74: G2 | B74: 3295QAA31/IND | C74: 102 | D74: 46146 | E74: 1 | F74: =IF(ISNUMBER(VALUE(LEFT(B74,5)))=TRUE,LEFT(B74,5),IF(ISNUMBER(VALUE(LEFT(B74,4)))=TRUE,LEFT(B74,4),LEFT(B74,3))) -> 3295 | G74: =LEN(B74) -> 13 | H74: =VLOOKUP(B74,[1]Sheet1!$D:$AB,25,0) -> Regular-Gask | I74: =LOOKUP(C74, $AY$3:$AY$8, $AZ$3:$AZ$8) -> 101-300 | J74: =VLOOKUP(B74,[1]Sheet1!$D:$Y,22) -> Gask | K74: =VLOOKUP(B74,[1]Sheet1!$D:$AS,42,0) -> JUMBO
A75: G2 | B75: 3295SAA00/IND | C75: 57 | D75: 46146 | E75: 2 | F75: =IF(ISNUMBER(VALUE(LEFT(B75,5)))=TRUE,LEFT(B75,5),IF(ISNUMBER(VALUE(LEFT(B75,4)))=TRUE,LEFT(B75,4),LEFT(B75,3))) -> 3295 | G75: =LEN(B75) -> 13 | H75: =VLOOKUP(B75,[1]Sheet1!$D:$AB,25,0) -> Regular-Gask | I75: =LOOKUP(C75, $AY$3:$AY$8, $AZ$3:$AZ$8) -> 51-100 | J75: =VLOOKUP(B75,[1]Sheet1!$D:$Y,22) -> Gask | K75: =VLOOKUP(B75,[1]Sheet1!$D:$AS,42,0) -> JUMBO | P75: 45839 | Q75: 45840 | R75: 45841 | S75: 45842 | T75: 45845 | U75: 45846 | V75: 45847 | W75: 45848 | X75: 45849 | Y75: 45850 | Z75: 45852 | AA75: 45853 | AB75: 45854 | AC75: 45855 | AD75: 45856 | AE75: 45857 | AF75: 45859 | AG75: 45860 | AH75: 45861 | AI75: 45862 | AJ75: 45863 | AK75: 45864 | AL75: 45866 | AM75: 45867 | AN75: 45868 | AO75: 45869
A76: PED-AUTO | B76: 3299SAA31/IND | C76: 149 | D76: 46146 | E76: 2 | F76: =IF(ISNUMBER(VALUE(LEFT(B76,5)))=TRUE,LEFT(B76,5),IF(ISNUMBER(VALUE(LEFT(B76,4)))=TRUE,LEFT(B76,4),LEFT(B76,3))) -> 3299 | G76: =LEN(B76) -> 13 | H76: =VLOOKUP(B76,[1]Sheet1!$D:$AB,25,0) -> Regular-Adhe | I76: =LOOKUP(C76, $AY$3:$AY$8, $AZ$3:$AZ$8) -> 101-300 | J76: =VLOOKUP(B76,[1]Sheet1!$D:$Y,22) -> Adhe | K76: =VLOOKUP(B76,[1]Sheet1!$D:$AS,42,0) -> JUMBO
A77: G4 | B77: 3305SAD00/IND | C77: 99 | D77: 46146 | E77: 2 | F77: =IF(ISNUMBER(VALUE(LEFT(B77,5)))=TRUE,LEFT(B77,5),IF(ISNUMBER(VALUE(LEFT(B77,4)))=TRUE,LEFT(B77,4),LEFT(B77,3))) -> 3305 | G77: =LEN(B77) -> 13 | H77: =VLOOKUP(B77,[1]Sheet1!$D:$AB,25,0) -> Regular-Gask | I77: =LOOKUP(C77, $AY$3:$AY$8, $AZ$3:$AZ$8) -> 51-100 | J77: =VLOOKUP(B77,[1]Sheet1!$D:$Y,22) -> Gask | K77: =VLOOKUP(B77,[1]Sheet1!$D:$AS,42,0) -> JUMBO
A78: G4 | B78: 3305WAD00/IND | C78: 113 | D78: 46146 | E78: 2 | F78: =IF(ISNUMBER(VALUE(LEFT(B78,5)))=TRUE,LEFT(B78,5),IF(ISNUMBER(VALUE(LEFT(B78,4)))=TRUE,LEFT(B78,4),LEFT(B78,3))) -> 3305 | G78: =LEN(B78) -> 13 | H78: =VLOOKUP(B78,[1]Sheet1!$D:$AB,25,0) -> Regular-Gask | I78: =LOOKUP(C78, $AY$3:$AY$8, $AZ$3:$AZ$8) -> 101-300 | J78: =VLOOKUP(B78,[1]Sheet1!$D:$Y,22) -> Gask | K78: =VLOOKUP(B78,[1]Sheet1!$D:$AS,42,0) -> JUMBO
A79: G2 | B79: 3317SAA00/IND | C79: 184 | D79: 46146 | E79: 1 | F79: =IF(ISNUMBER(VALUE(LEFT(B79,5)))=TRUE,LEFT(B79,5),IF(ISNUMBER(VALUE(LEFT(B79,4)))=TRUE,LEFT(B79,4),LEFT(B79,3))) -> 3317 | G79: =LEN(B79) -> 13 | H79: =VLOOKUP(B79,[1]Sheet1!$D:$AB,25,0) -> Regular-Gask | I79: =LOOKUP(C79, $AY$3:$AY$8, $AZ$3:$AZ$8) -> 101-300 | J79: =VLOOKUP(B79,[1]Sheet1!$D:$Y,22) -> Adhe | K79: =VLOOKUP(B79,[1]Sheet1!$D:$AS,42,0) -> JUMBO
A80: A1 | B80: 3321QDA31/IND | C80: 484 | D80: 46146 | E80: 2 | F80: =IF(ISNUMBER(VALUE(LEFT(B80,5)))=TRUE,LEFT(B80,5),IF(ISNUMBER(VALUE(LEFT(B80,4)))=TRUE,LEFT(B80,4),LEFT(B80,3))) -> 3321 | G80: =LEN(B80) -> 13 | H80: =VLOOKUP(B80,[1]Sheet1!$D:$AB,25,0) -> MG Adhe + DR Adhe + PB assly | I80: =LOOKUP(C80, $AY$3:$AY$8, $AZ$3:$AZ$8) -> 301-500 | J80: =VLOOKUP(B80,[1]Sheet1!$D:$Y,22) -> Adhe | K80: =VLOOKUP(B80,[1]Sheet1!$D:$AS,42,0) -> JUMBO
A81: G6 | B81: 3322NFA31/IND | C81: 84 | D81: 46146 | E81: 1 | F81: =IF(ISNUMBER(VALUE(LEFT(B81,5)))=TRUE,LEFT(B81,5),IF(ISNUMBER(VALUE(LEFT(B81,4)))=TRUE,LEFT(B81,4),LEFT(B81,3))) -> 3322 | G81: =LEN(B81) -> 13 | H81: =VLOOKUP(B81,[1]Sheet1!$D:$AB,25,0) -> Regular-Gask | I81: =LOOKUP(C81, $AY$3:$AY$8, $AZ$3:$AZ$8) -> 51-100 | J81: =VLOOKUP(B81,[1]Sheet1!$D:$Y,22) -> Adhe | K81: =VLOOKUP(B81,[1]Sheet1!$D:$AS,42,0) -> JUMBO
A82: G6 | B82: 3322QFA31/IND | C82: 216 | D82: 46146 | E82: 1 | F82: =IF(ISNUMBER(VALUE(LEFT(B82,5)))=TRUE,LEFT(B82,5),IF(ISNUMBER(VALUE(LEFT(B82,4)))=TRUE,LEFT(B82,4),LEFT(B82,3))) -> 3322 | G82: =LEN(B82) -> 13 | H82: =VLOOKUP(B82,[1]Sheet1!$D:$AB,25,0) -> Regular-Gask | I82: =LOOKUP(C82, $AY$3:$AY$8, $AZ$3:$AZ$8) -> 101-300 | J82: =VLOOKUP(B82,[1]Sheet1!$D:$Y,22) -> Adhe | K82: =VLOOKUP(B82,[1]Sheet1!$D:$AS,42,0) -> JUMBO
A83: G4 | B83: 3330QAA32/IND | C83: 52 | D83: 46146 | E83: 2 | F83: =IF(ISNUMBER(VALUE(LEFT(B83,5)))=TRUE,LEFT(B83,5),IF(ISNUMBER(VALUE(LEFT(B83,4)))=TRUE,LEFT(B83,4),LEFT(B83,3))) -> 3330 | G83: =LEN(B83) -> 13 | H83: =VLOOKUP(B83,[1]Sheet1!$D:$AB,25,0) -> Regular-Gask | I83: =LOOKUP(C83, $AY$3:$AY$8, $AZ$3:$AZ$8) -> 51-100 | J83: =VLOOKUP(B83,[1]Sheet1!$D:$Y,22) -> Adhe | K83: =VLOOKUP(B83,[1]Sheet1!$D:$AS,42,0) -> JUMBO
A84: G4 | B84: 3330SCA31/IND | C84: 64 | D84: 46146 | E84: 2 | F84: =IF(ISNUMBER(VALUE(LEFT(B84,5)))=TRUE,LEFT(B84,5),IF(ISNUMBER(VALUE(LEFT(B84,4)))=TRUE,LEFT(B84,4),LEFT(B84,3))) -> 3330 | G84: =LEN(B84) -> 13 | H84: =VLOOKUP(B84,[1]Sheet1!$D:$AB,25,0) -> Regular-Gask | I84: =LOOKUP(C84, $AY$3:$AY$8, $AZ$3:$AZ$8) -> 51-100 | J84: =VLOOKUP(B84,[1]Sheet1!$D:$Y,22) -> Adhe | K84: =VLOOKUP(B84,[1]Sheet1!$D:$AS,42,0) -> JUMBO
A85: A3 | B85: 6109SAA31/IND | C85: 146 | D85: 46146 | E85: 2 | F85: =IF(ISNUMBER(VALUE(LEFT(B85,5)))=TRUE,LEFT(B85,5),IF(ISNUMBER(VALUE(LEFT(B85,4)))=TRUE,LEFT(B85,4),LEFT(B85,3))) -> 6109 | G85: =LEN(B85) -> 13 | H85: =VLOOKUP(B85,[1]Sheet1!$D:$AB,25,0) -> MG Adhe + Activator | I85: =LOOKUP(C85, $AY$3:$AY$8, $AZ$3:$AZ$8) -> 101-300 | J85: =VLOOKUP(B85,[1]Sheet1!$D:$Y,22) -> Adhe | K85: =VLOOKUP(B85,[1]Sheet1!$D:$AS,42,0) -> NORMAL
A86: A1 | B86: 6172SAB31/IND | C86: 170 | D86: 46146 | E86: 2 | F86: =IF(ISNUMBER(VALUE(LEFT(B86,5)))=TRUE,LEFT(B86,5),IF(ISNUMBER(VALUE(LEFT(B86,4)))=TRUE,LEFT(B86,4),LEFT(B86,3))) -> 6172 | G86: =LEN(B86) -> 13 | H86: =VLOOKUP(B86,[1]Sheet1!$D:$AB,25,0) -> MG-Sticker + Orientation | I86: =LOOKUP(C86, $AY$3:$AY$8, $AZ$3:$AZ$8) -> 101-300 | J86: =VLOOKUP(B86,[1]Sheet1!$D:$Y,22) -> Sticker | K86: =VLOOKUP(B86,[1]Sheet1!$D:$AS,42,0) -> NORMAL
A87: G3 | B87: 6210WAD00/IND | C87: 88 | D87: 46146 | E87: 2 | F87: =IF(ISNUMBER(VALUE(LEFT(B87,5)))=TRUE,LEFT(B87,5),IF(ISNUMBER(VALUE(LEFT(B87,4)))=TRUE,LEFT(B87,4),LEFT(B87,3))) -> 6210 | G87: =LEN(B87) -> 13 | H87: =VLOOKUP(B87,[1]Sheet1!$D:$AB,25,0) -> Regular-Gask | I87: =LOOKUP(C87, $AY$3:$AY$8, $AZ$3:$AZ$8) -> 51-100 | J87: =VLOOKUP(B87,[1]Sheet1!$D:$Y,22) -> Gask | K87: =VLOOKUP(B87,[1]Sheet1!$D:$AS,42,0) -> NORMAL
... A165: G4 | B165: 6280SAA00/IND | C165: 133 | D165: 46147 | E165: 1 | F165: =IF(ISNUMBER(VALUE(LEFT(B165,5)))=TRUE,LEFT(B165,5),IF(ISNUMBER(VALUE(LEFT(B165,4)))=TRUE,LEFT(B165,4),LEFT(B165,3))) -> 6280 | G165: =LEN(B165) -> 13 | H165: =VLOOKUP(B165,[1]Sheet1!$D:$AB,25,0) -> Regular-Gask | I165: =LOOKUP(C165, $AY$3:$AY$8, $AZ$3:$AZ$8) -> 101-300 | J165: =VLOOKUP(B165,[1]Sheet1!$D:$Y,22) -> Gask | K165: =VLOOKUP(B165,[1]Sheet1!$D:$AS,42,0) -> NORMAL
A166: G4 | B166: 6282QAB31/IND | C166: =356-137 -> 219 | D166: 46147 | E166: 1 | F166: =IF(ISNUMBER(VALUE(LEFT(B166,5)))=TRUE,LEFT(B166,5),IF(ISNUMBER(VALUE(LEFT(B166,4)))=TRUE,LEFT(B166,4),LEFT(B166,3))) -> 6282 | G166: =LEN(B166) -> 13 | H166: =VLOOKUP(B166,[1]Sheet1!$D:$AB,25,0) -> Regular-Gask | I166: =LOOKUP(C166, $AY$3:$AY$8, $AZ$3:$AZ$8) -> 101-300 | J166: =VLOOKUP(B166,[1]Sheet1!$D:$Y,22) -> Gask | K166: =VLOOKUP(B166,[1]Sheet1!$D:$AS,42,0) -> NORMAL
A167: G7 | B167: 6296WAA00/IND | C167: 124 | D167: 46147 | E167: 1 | F167: =IF(ISNUMBER(VALUE(LEFT(B167,5)))=TRUE,LEFT(B167,5),IF(ISNUMBER(VALUE(LEFT(B167,4)))=TRUE,LEFT(B167,4),LEFT(B167,3))) -> 6296 | G167: =LEN(B167) -> 13 | H167: =VLOOKUP(B167,[1]Sheet1!$D:$AB,25,0) -> Regular-Gask | I167: =LOOKUP(C167, $AY$3:$AY$8, $AZ$3:$AZ$8) -> 101-300 | J167: =VLOOKUP(B167,[1]Sheet1!$D:$Y,22) -> Gask | K167: =VLOOKUP(B167,[1]Sheet1!$D:$AS,42,0) -> JUMBO
A168: G7 | B168: 6307WAA31/IND | C168: 74 | D168: 46147 | E168: 1 | F168: =IF(ISNUMBER(VALUE(LEFT(B168,5)))=TRUE,LEFT(B168,5),IF(ISNUMBER(VALUE(LEFT(B168,4)))=TRUE,LEFT(B168,4),LEFT(B168,3))) -> 6307 | G168: =LEN(B168) -> 13 | H168: =VLOOKUP(B168,[1]Sheet1!$D:$AB,25,0) -> Regular-Adhe | I168: =LOOKUP(C168, $AY$3:$AY$8, $AZ$3:$AZ$8) -> 51-100 | J168: =VLOOKUP(B168,[1]Sheet1!$D:$Y,22) -> Gask | K168: =VLOOKUP(B168,[1]Sheet1!$D:$AS,42,0) -> NORMAL
A169: G3 | B169: 6319WAA32/IND | C169: 247 | D169: 46147 | E169: 1 | F169: =IF(ISNUMBER(VALUE(LEFT(B169,5)))=TRUE,LEFT(B169,5),IF(ISNUMBER(VALUE(LEFT(B169,4)))=TRUE,LEFT(B169,4),LEFT(B169,3))) -> 6319 | G169: =LEN(B169) -> 13 | H169: =VLOOKUP(B169,[1]Sheet1!$D:$AB,25,0) -> Regular-Adhe | I169: =LOOKUP(C169, $AY$3:$AY$8, $AZ$3:$AZ$8) -> 101-300 | J169: =VLOOKUP(B169,[1]Sheet1!$D:$Y,22) -> Gask | K169: =VLOOKUP(B169,[1]Sheet1!$D:$AS,42,0) -> NORMAL
A170: PED | B170: 7148NAB31/IND | C170: 170 | D170: 46147 | E170: 1 | F170: =IF(ISNUMBER(VALUE(LEFT(B170,5)))=TRUE,LEFT(B170,5),IF(ISNUMBER(VALUE(LEFT(B170,4)))=TRUE,LEFT(B170,4),LEFT(B170,3))) -> 7148 | G170: =LEN(B170) -> 13 | H170: =VLOOKUP(B170,[1]Sheet1!$D:$AB,25,0) -> Regular-Adhe | I170: =LOOKUP(C170, $AY$3:$AY$8, $AZ$3:$AZ$8) -> 101-300 | J170: =VLOOKUP(B170,[1]Sheet1!$D:$Y,22) -> Adhe | K170: =VLOOKUP(B170,[1]Sheet1!$D:$AS,42,0) -> NORMAL
A171: G7 | B171: 7152SAA00/IND | C171: 94 | D171: 46147 | E171: 1 | F171: =IF(ISNUMBER(VALUE(LEFT(B171,5)))=TRUE,LEFT(B171,5),IF(ISNUMBER(VALUE(LEFT(B171,4)))=TRUE,LEFT(B171,4),LEFT(B171,3))) -> 7152 | G171: =LEN(B171) -> 13 | H171: =VLOOKUP(B171,[1]Sheet1!$D:$AB,25,0) -> Regular-Gask | I171: =LOOKUP(C171, $AY$3:$AY$8, $AZ$3:$AZ$8) -> 51-100 | J171: =VLOOKUP(B171,[1]Sheet1!$D:$Y,22) -> Adhe | K171: =VLOOKUP(B171,[1]Sheet1!$D:$AS,42,0) -> JUMBO
A172: G7 | B172: 8109YAA00/IND | C172: 325 | D172: 46147 | E172: 1 | F172: =IF(ISNUMBER(VALUE(LEFT(B172,5)))=TRUE,LEFT(B172,5),IF(ISNUMBER(VALUE(LEFT(B172,4)))=TRUE,LEFT(B172,4),LEFT(B172,3))) -> 8109 | G172: =LEN(B172) -> 13 | H172: =VLOOKUP(B172,[1]Sheet1!$D:$AB,25,0) -> Regular-Adhe | I172: =LOOKUP(C172, $AY$3:$AY$8, $AZ$3:$AZ$8) -> 301-500 | J172: =VLOOKUP(B172,[1]Sheet1!$D:$Y,22) -> Adhe | K172: =VLOOKUP(B172,[1]Sheet1!$D:$AS,42,0) -> NORMAL
A173: G1 | B173: 8110YAB00/IND | C173: 188 | D173: 46147 | E173: 1 | F173: =IF(ISNUMBER(VALUE(LEFT(B173,5)))=TRUE,LEFT(B173,5),IF(ISNUMBER(VALUE(LEFT(B173,4)))=TRUE,LEFT(B173,4),LEFT(B173,3))) -> 8110 | G173: =LEN(B173) -> 13 | H173: =VLOOKUP(B173,[1]Sheet1!$D:$AB,25,0) -> Regular-Adhe | I173: =LOOKUP(C173, $AY$3:$AY$8, $AZ$3:$AZ$8) -> 101-300 | J173: =VLOOKUP(B173,[1]Sheet1!$D:$Y,22) -> Adhe | K173: =VLOOKUP(B173,[1]Sheet1!$D:$AS,42,0) -> NORMAL
A174: G2 | B174: 8141SAB00/IND | C174: 157 | D174: 46147 | E174: 1 | F174: =IF(ISNUMBER(VALUE(LEFT(B174,5)))=TRUE,LEFT(B174,5),IF(ISNUMBER(VALUE(LEFT(B174,4)))=TRUE,LEFT(B174,4),LEFT(B174,3))) -> 8141 | G174: =LEN(B174) -> 13 | H174: =VLOOKUP(B174,[1]Sheet1!$D:$AB,25,0) -> Regular-Gask | I174: =LOOKUP(C174, $AY$3:$AY$8, $AZ$3:$AZ$8) -> 101-300 | J174: =VLOOKUP(B174,[1]Sheet1!$D:$Y,22) -> Gask | K174: =VLOOKUP(B174,[1]Sheet1!$D:$AS,42,0) -> NORMAL
A175: G2 | B175: 8141WAB00/IND | C175: 119 | D175: 46147 | E175: 1 | F175: =IF(ISNUMBER(VALUE(LEFT(B175,5)))=TRUE,LEFT(B175,5),IF(ISNUMBER(VALUE(LEFT(B175,4)))=TRUE,LEFT(B175,4),LEFT(B175,3))) -> 8141 | G175: =LEN(B175) -> 13 | H175: =VLOOKUP(B175,[1]Sheet1!$D:$AB,25,0) -> Regular-Gask | I175: =LOOKUP(C175, $AY$3:$AY$8, $AZ$3:$AZ$8) -> 101-300 | J175: =VLOOKUP(B175,[1]Sheet1!$D:$Y,22) -> Gask | K175: =VLOOKUP(B175,[1]Sheet1!$D:$AS,42,0) -> NORMAL
A176: KMC | B176: 9315YAB31/IND | C176: 51 | D176: 46147 | E176: 1 | F176: =IF(ISNUMBER(VALUE(LEFT(B176,5)))=TRUE,LEFT(B176,5),IF(ISNUMBER(VALUE(LEFT(B176,4)))=TRUE,LEFT(B176,4),LEFT(B176,3))) -> 9315 | G176: =LEN(B176) -> 13 | H176: =VLOOKUP(B176,[1]Sheet1!$D:$AB,25,0) -> Regular-Adhe | I176: =LOOKUP(C176, $AY$3:$AY$8, $AZ$3:$AZ$8) -> 51-100 | J176: =VLOOKUP(B176,[1]Sheet1!$D:$Y,22) -> Adhe | K176: =VLOOKUP(B176,[1]Sheet1!$D:$AS,42,0) -> NORMAL
A177: KMC | B177: 9315YAE00/IND | C177: 53 | D177: 46147 | E177: 1 | F177: =IF(ISNUMBER(VALUE(LEFT(B177,5)))=TRUE,LEFT(B177,5),IF(ISNUMBER(VALUE(LEFT(B177,4)))=TRUE,LEFT(B177,4),LEFT(B177,3))) -> 9315 | G177: =LEN(B177) -> 13 | H177: =VLOOKUP(B177,[1]Sheet1!$D:$AB,25,0) -> Regular-Adhe | I177: =LOOKUP(C177, $AY$3:$AY$8, $AZ$3:$AZ$8) -> 51-100 | J177: =VLOOKUP(B177,[1]Sheet1!$D:$Y,22) -> Adhe | K177: =VLOOKUP(B177,[1]Sheet1!$D:$AS,42,0) -> NORMAL
A178: G2 | B178: 1650BAD00/IND | C178: 300 | D178: 46147 | E178: 2 | F178: =IF(ISNUMBER(VALUE(LEFT(B178,5)))=TRUE,LEFT(B178,5),IF(ISNUMBER(VALUE(LEFT(B178,4)))=TRUE,LEFT(B178,4),LEFT(B178,3))) -> 1650 | G178: =LEN(B178) -> 13 | H178: =VLOOKUP(B178,[1]Sheet1!$D:$AB,25,0) -> Regular-Gask | I178: =LOOKUP(C178, $AY$3:$AY$8, $AZ$3:$AZ$8) -> 101-300 | J178: =VLOOKUP(B178,[1]Sheet1!$D:$Y,22) -> Gask | K178: =VLOOKUP(B178,[1]Sheet1!$D:$AS,42,0) -> JUMBO
... A182: KMC | B182: 1733KCA34/IND | C182: 322 | D182: 46147 | E182: 2 | F182: =IF(ISNUMBER(VALUE(LEFT(B182,5)))=TRUE,LEFT(B182,5),IF(ISNUMBER(VALUE(LEFT(B182,4)))=TRUE,LEFT(B182,4),LEFT(B182,3))) -> 1733 | G182: =LEN(B182) -> 13 | H182: =VLOOKUP(B182,[1]Sheet1!$D:$AB,25,0) -> MG Adhe + PB Assy + DR Sticker | I182: =LOOKUP(C182, $AY$3:$AY$8, $AZ$3:$AZ$8) -> 301-500 | J182: =VLOOKUP(B182,[1]Sheet1!$D:$Y,22) -> Adhe | K182: =VLOOKUP(B182,[1]Sheet1!$D:$AS,42,0) -> NORMAL
A183: PED-AUTO | B183: 1767SEA32/IND | C183: =402-213 -> 189 | D183: 46147 | E183: 2 | F183: =IF(ISNUMBER(VALUE(LEFT(B183,5)))=TRUE,LEFT(B183,5),IF(ISNUMBER(VALUE(LEFT(B183,4)))=TRUE,LEFT(B183,4),LEFT(B183,3))) -> 1767 | G183: =LEN(B183) -> 13 | H183: =VLOOKUP(B183,[1]Sheet1!$D:$AB,25,0) -> Regular-Adhe | I183: =LOOKUP(C183, $AY$3:$AY$8, $AZ$3:$AZ$8) -> 101-300 | J183: =VLOOKUP(B183,[1]Sheet1!$D:$Y,22) -> Adhe | K183: =VLOOKUP(B183,[1]Sheet1!$D:$AS,42,0) -> JUMBO
...

Sheet Output 
A1: Order no | B1: MODEL | C1: ACC | D1: ACT GR | E1: Date | F1: Top assly
A2: 202637127 | B2: 6296NAA31/IND | C2: 500 | D2: G6 | E2: 46146 | I2: Total | J2: =SUBTOTAL(9,J4:J27) -> 27255 | K2: =SUBTOTAL(9,K4:K27) -> 28888 | L2: =SUBTOTAL(9,L4:L27) -> 26211 | M2: =SUBTOTAL(9,M4:M27) -> 49551 | N2: =SUBTOTAL(9,N4:N27) -> 45322 | O2: =SUBTOTAL(9,O4:O27) -> 50100 | P2: =SUBTOTAL(9,P4:P27) -> 50127 | Q2: =SUBTOTAL(9,Q4:Q27) -> 46686 | ... W2: =SUBTOTAL(9,W4:W27) -> 11543 | X2: =SUM(J2:W2) -> 495137
A3: 202637619 | B3: 3322QFA31/IND | C3: 197 | D3: G6 | E3: 46146 | I3: Date | J3: A1 | K3: A2 | L3: A3 | M3: G1 | N3: G2 | O3: G3 | P3: G4 | Q3: G5 | R3: G6 | S3: G7 | T3: G8 | U3: KMC | V3: PED | W3: PED-Auto | AA3: A1 | AB3: A2 | AC3: A3 | AD3: G1 | AE3: G2 | AF3: G3 | AG3: G4 | AH3: G5 | AI3: G6 | AJ3: G7 | AK3: G8 | AL3: KMC | AM3: PED | AN3: PED-Auto
A4: 202637268 | B4: 10047WAA31/IND | C4: 131 | D4: G6 | E4: 46146 | H4: 1 | I4: 46146 | J4: =SUMIFS($C:$C,$D:$D,J$3,$E:$E,$I4) -> 757 | K4: =SUMIFS($C:$C,$D:$D,K$3,$E:$E,$I4) -> 1184 | L4: =SUMIFS($C:$C,$D:$D,L$3,$E:$E,$I4) -> 1452 | M4: =SUMIFS($C:$C,$D:$D,M$3,$E:$E,$I4) -> 2833 | N4: =SUMIFS($C:$C,$D:$D,N$3,$E:$E,$I4) -> 609 | O4: =SUMIFS($C:$C,$D:$D,O$3,$E:$E,$I4) -> 3383 | P4: =SUMIFS($C:$C,$D:$D,P$3,$E:$E,$I4) -> 3169 | Q4: =SUMIFS($C:$C,$D:$D,Q$3,$E:$E,$I4) -> 2164 | ... W4: =SUMIFS($C:$C,$D:$D,W$3,$E:$E,$I4) -> 940 | Z4: Week 1 | AA4: =SUM(J4:J7) -> 4006 | AB4: =SUM(K4:K7) -> 4368 | AC4: =SUM(L4:L7) -> 4374 | AD4: =SUM(M4:M7) -> 8782 | AE4: =SUM(N4:N7) -> 6892 | AF4: =SUM(O4:O7) -> 9686 | AG4: =SUM(P4:P7) -> 10177 | AH4: =SUM(Q4:Q7) -> 7112 | ... AN4: =SUM(W4:W7) -> 1561
A5: 202636394 | B5: 10047BAA31/IND | C5: 203 | D5: G6 | E5: 46146 | H5: 2 | I5: 46147 | J5: =SUMIFS($C:$C,$D:$D,J$3,$E:$E,$I5) -> 483 | K5: =SUMIFS($C:$C,$D:$D,K$3,$E:$E,$I5) -> 390 | L5: =SUMIFS($C:$C,$D:$D,L$3,$E:$E,$I5) -> 1250 | M5: =SUMIFS($C:$C,$D:$D,M$3,$E:$E,$I5) -> 1620 | N5: =SUMIFS($C:$C,$D:$D,N$3,$E:$E,$I5) -> 1516 | O5: =SUMIFS($C:$C,$D:$D,O$3,$E:$E,$I5) -> 2121 | P5: =SUMIFS($C:$C,$D:$D,P$3,$E:$E,$I5) -> 1696 | Q5: =SUMIFS($C:$C,$D:$D,Q$3,$E:$E,$I5) -> 1639 | ... W5: =SUMIFS($C:$C,$D:$D,W$3,$E:$E,$I5) -> 18 | Z5: Week 2 | AA5: =SUM(J8:J14) -> 7784 | AB5: =SUM(K8:K14) -> 8969 | AC5: =SUM(L8:L14) -> 7358 | AD5: =SUM(M8:M14) -> 15849 | AE5: =SUM(N8:N14) -> 13473 | AF5: =SUM(O8:O14) -> 15110 | AG5: =SUM(P8:P14) -> 16294 | AH5: =SUM(Q8:Q14) -> 14293 | ... AN5: =SUM(W8:W14) -> 3431
A6: 202637384 | B6: 8111YAA00/IND | C6: 201 | D6: G6 | E6: 46146 | H6: 3 | I6: 46148 | J6: =SUMIFS($C:$C,$D:$D,J$3,$E:$E,$I6) -> 2224 | K6: =SUMIFS($C:$C,$D:$D,K$3,$E:$E,$I6) -> 1543 | L6: =SUMIFS($C:$C,$D:$D,L$3,$E:$E,$I6) -> 774 | M6: =SUMIFS($C:$C,$D:$D,M$3,$E:$E,$I6) -> 1809 | N6: =SUMIFS($C:$C,$D:$D,N$3,$E:$E,$I6) -> 2560 | O6: =SUMIFS($C:$C,$D:$D,O$3,$E:$E,$I6) -> 1781 | P6: =SUMIFS($C:$C,$D:$D,P$3,$E:$E,$I6) -> 2623 | Q6: =SUMIFS($C:$C,$D:$D,Q$3,$E:$E,$I6) -> 1101 | ... W6: =SUMIFS($C:$C,$D:$D,W$3,$E:$E,$I6) -> 36 | Z6: Week 3 | AA6: =SUM(J15:J19) -> 5596 | AB6: =SUM(K15:K19) -> 4994 | AC6: =SUM(L15:L19) -> 4962 | AD6: =SUM(M15:M19) -> 10529 | AE6: =SUM(N15:N19) -> 14462 | AF6: =SUM(O15:O19) -> 10822 | AG6: =SUM(P15:P19) -> 8868 | AH6: =SUM(Q15:Q19) -> 12067 | ... AN6: =SUM(W15:W19) -> 2057
A7: 202636229 | B7: 8111YAA00/IND | C7: 29 | D7: G6 | E7: 46146 | H7: 4 | I7: 46149 | J7: =SUMIFS($C:$C,$D:$D,J$3,$E:$E,$I7) -> 542 | K7: =SUMIFS($C:$C,$D:$D,K$3,$E:$E,$I7) -> 1251 | L7: =SUMIFS($C:$C,$D:$D,L$3,$E:$E,$I7) -> 898 | M7: =SUMIFS($C:$C,$D:$D,M$3,$E:$E,$I7) -> 2520 | N7: =SUMIFS($C:$C,$D:$D,N$3,$E:$E,$I7) -> 2207 | O7: =SUMIFS($C:$C,$D:$D,O$3,$E:$E,$I7) -> 2401 | P7: =SUMIFS($C:$C,$D:$D,P$3,$E:$E,$I7) -> 2689 | Q7: =SUMIFS($C:$C,$D:$D,Q$3,$E:$E,$I7) -> 2208 | ... W7: =SUMIFS($C:$C,$D:$D,W$3,$E:$E,$I7) -> 567 | Z7: Week 4 | AA7: =SUM(J20:J26) -> 9869 | AB7: =SUM(K20:K26) -> 10557 | AC7: =SUM(L20:L26) -> 9517 | AD7: =SUM(M20:M26) -> 14391 | AE7: =SUM(N20:N26) -> 10495 | AF7: =SUM(O20:O26) -> 14482 | AG7: =SUM(P20:P26) -> 14788 | AH7: =SUM(Q20:Q26) -> 13214 | ... AN7: =SUM(W20:W26) -> 4494
A8: 202636713 | B8: 2679NAA31/IND | C8: 72 | D8: G6 | E8: 46146 | H8: 5 | I8: 46150 | J8: =SUMIFS($C:$C,$D:$D,J$3,$E:$E,$I8) -> 1204 | K8: =SUMIFS($C:$C,$D:$D,K$3,$E:$E,$I8) -> 674 | L8: =SUMIFS($C:$C,$D:$D,L$3,$E:$E,$I8) -> 695 | M8: =SUMIFS($C:$C,$D:$D,M$3,$E:$E,$I8) -> 2076 | N8: =SUMIFS($C:$C,$D:$D,N$3,$E:$E,$I8) -> 2073 | O8: =SUMIFS($C:$C,$D:$D,O$3,$E:$E,$I8) -> 2238 | P8: =SUMIFS($C:$C,$D:$D,P$3,$E:$E,$I8) -> 1265 | Q8: =SUMIFS($C:$C,$D:$D,Q$3,$E:$E,$I8) -> 992 | ... W8: =SUMIFS($C:$C,$D:$D,W$3,$E:$E,$I8) -> 106
A9: 202637366 | B9: 2687WAA31/IND | C9: 68 | D9: G6 | E9: 46146 | H9: 1 | I9: 46151 | J9: =SUMIFS($C:$C,$D:$D,J$3,$E:$E,$I9) -> 913 | K9: =SUMIFS($C:$C,$D:$D,K$3,$E:$E,$I9) -> 848 | L9: =SUMIFS($C:$C,$D:$D,L$3,$E:$E,$I9) -> 1688 | M9: =SUMIFS($C:$C,$D:$D,M$3,$E:$E,$I9) -> 2373 | N9: =SUMIFS($C:$C,$D:$D,N$3,$E:$E,$I9) -> 1545 | O9: =SUMIFS($C:$C,$D:$D,O$3,$E:$E,$I9) -> 2095 | P9: =SUMIFS($C:$C,$D:$D,P$3,$E:$E,$I9) -> 2003 | Q9: =SUMIFS($C:$C,$D:$D,Q$3,$E:$E,$I9) -> 2715 | ... W9: =SUMIFS($C:$C,$D:$D,W$3,$E:$E,$I9) -> 332
A10: 202637121 | B10: 6222SAA00/IND | C10: 167 | D10: G6 | E10: 46146 | H10: 2 | I10: 46153 | J10: =SUMIFS($C:$C,$D:$D,J$3,$E:$E,$I10) -> 908 | K10: =SUMIFS($C:$C,$D:$D,K$3,$E:$E,$I10) -> 1017 | L10: =SUMIFS($C:$C,$D:$D,L$3,$E:$E,$I10) -> 808 | M10: =SUMIFS($C:$C,$D:$D,M$3,$E:$E,$I10) -> 2214 | N10: =SUMIFS($C:$C,$D:$D,N$3,$E:$E,$I10) -> 944 | O10: =SUMIFS($C:$C,$D:$D,O$3,$E:$E,$I10) -> 1780 | P10: =SUMIFS($C:$C,$D:$D,P$3,$E:$E,$I10) -> 2684 | Q10: =SUMIFS($C:$C,$D:$D,Q$3,$E:$E,$I10) -> 2061 | ... W10: =SUMIFS($C:$C,$D:$D,W$3,$E:$E,$I10) -> 1246
A11: 202635280 | B11: 1805SAK31/IND | C11: 160 | D11: A1 | E11: 46146 | H11: 3 | I11: 46154 | J11: =SUMIFS($C:$C,$D:$D,J$3,$E:$E,$I11) -> 994 | K11: =SUMIFS($C:$C,$D:$D,K$3,$E:$E,$I11) -> 1089 | L11: =SUMIFS($C:$C,$D:$D,L$3,$E:$E,$I11) -> 797 | M11: =SUMIFS($C:$C,$D:$D,M$3,$E:$E,$I11) -> 2911 | N11: =SUMIFS($C:$C,$D:$D,N$3,$E:$E,$I11) -> 1763 | O11: =SUMIFS($C:$C,$D:$D,O$3,$E:$E,$I11) -> 1900 | P11: =SUMIFS($C:$C,$D:$D,P$3,$E:$E,$I11) -> 1731 | Q11: =SUMIFS($C:$C,$D:$D,Q$3,$E:$E,$I11) -> 1865 | ... W11: =SUMIFS($C:$C,$D:$D,W$3,$E:$E,$I11) -> 757 | AA11: A1 | AB11: A2 | AC11: A3 | AD11: G1 | AE11: G2 | AF11: G3 | AG11: G4 | AH11: G5 | AI11: G6 | AJ11: G7 | AK11: G8 | AL11: KMC | AM11: PED | AN11: PED-Auto
A12: 202635073 | B12: 1805SAK31/IND | C12: 166 | D12: A1 | E12: 46146 | H12: 4 | I12: 46155 | J12: =SUMIFS($C:$C,$D:$D,J$3,$E:$E,$I12) -> 1436 | K12: =SUMIFS($C:$C,$D:$D,K$3,$E:$E,$I12) -> 2052 | L12: =SUMIFS($C:$C,$D:$D,L$3,$E:$E,$I12) -> 723 | M12: =SUMIFS($C:$C,$D:$D,M$3,$E:$E,$I12) -> 1279 | N12: =SUMIFS($C:$C,$D:$D,N$3,$E:$E,$I12) -> 1923 | O12: =SUMIFS($C:$C,$D:$D,O$3,$E:$E,$I12) -> 2133 | P12: =SUMIFS($C:$C,$D:$D,P$3,$E:$E,$I12) -> 2103 | Q12: =SUMIFS($C:$C,$D:$D,Q$3,$E:$E,$I12) -> 2044 | ... W12: =SUMIFS($C:$C,$D:$D,W$3,$E:$E,$I12) -> 145 | Z12: Week 1 | AA12: =AA4/1000 -> 4.006 | AB12: =AB4/1000 -> 4.368 | AC12: =AC4/1000 -> 4.374 | AD12: =AD4/1000 -> 8.782 | AE12: =AE4/1000 -> 6.892 | AF12: =AF4/1000 -> 9.686 | AG12: =AG4/1000 -> 10.177 | AH12: =AH4/1000 -> 7.112 | ... AN12: =AN4/1000 -> 1.561
A13: 202636200 | B13: 3240NAC31/IND | C13: 88 | D13: A1 | E13: 46146 | H13: 5 | I13: 46156 | J13: =SUMIFS($C:$C,$D:$D,J$3,$E:$E,$I13) -> 1629 | K13: =SUMIFS($C:$C,$D:$D,K$3,$E:$E,$I13) -> 1948 | L13: =SUMIFS($C:$C,$D:$D,L$3,$E:$E,$I13) -> 1237 | M13: =SUMIFS($C:$C,$D:$D,M$3,$E:$E,$I13) -> 1409 | N13: =SUMIFS($C:$C,$D:$D,N$3,$E:$E,$I13) -> 2516 | O13: =SUMIFS($C:$C,$D:$D,O$3,$E:$E,$I13) -> 2151 | P13: =SUMIFS($C:$C,$D:$D,P$3,$E:$E,$I13) -> 4504 | Q13: =SUMIFS($C:$C,$D:$D,Q$3,$E:$E,$I13) -> 2104 | ... W13: =SUMIFS($C:$C,$D:$D,W$3,$E:$E,$I13) -> 355 | Z13: Week 2 | AA13: =AA5/1000 -> 7.784 | AB13: =AB5/1000 -> 8.969 | AC13: =AC5/1000 -> 7.358 | AD13: =AD5/1000 -> 15.849 | AE13: =AE5/1000 -> 13.473 | AF13: =AF5/1000 -> 15.11 | AG13: =AG5/1000 -> 16.294 | AH13: =AH5/1000 -> 14.293 | ... AN13: =AN5/1000 -> 3.431
A14: 202636195 | B14: 3216NSA31/IND | C14: 63 | D14: A1 | E14: 46146 | H14: 6 | I14: 46157 | J14: =SUMIFS($C:$C,$D:$D,J$3,$E:$E,$I14) -> 700 | K14: =SUMIFS($C:$C,$D:$D,K$3,$E:$E,$I14) -> 1341 | L14: =SUMIFS($C:$C,$D:$D,L$3,$E:$E,$I14) -> 1410 | M14: =SUMIFS($C:$C,$D:$D,M$3,$E:$E,$I14) -> 3587 | N14: =SUMIFS($C:$C,$D:$D,N$3,$E:$E,$I14) -> 2709 | O14: =SUMIFS($C:$C,$D:$D,O$3,$E:$E,$I14) -> 2813 | P14: =SUMIFS($C:$C,$D:$D,P$3,$E:$E,$I14) -> 2004 | Q14: =SUMIFS($C:$C,$D:$D,Q$3,$E:$E,$I14) -> 2512 | ... W14: =SUMIFS($C:$C,$D:$D,W$3,$E:$E,$I14) -> 490 | Z14: Week 3 | AA14: =AA6/1000 -> 5.596 | AB14: =AB6/1000 -> 4.994 | AC14: =AC6/1000 -> 4.962 | AD14: =AD6/1000 -> 10.529 | AE14: =AE6/1000 -> 14.462 | AF14: =AF6/1000 -> 10.822 | AG14: =AG6/1000 -> 8.868 | AH14: =AH6/1000 -> 12.067 | ... AN14: =AN6/1000 -> 2.057
A15: 202635203 | B15: 7147NAB31/IND | C15: 23 | D15: A1 | E15: 46146 | H15: 1 | I15: 46158 | J15: =SUMIFS($C:$C,$D:$D,J$3,$E:$E,$I15) -> 1134 | K15: =SUMIFS($C:$C,$D:$D,K$3,$E:$E,$I15) -> 848 | L15: =SUMIFS($C:$C,$D:$D,L$3,$E:$E,$I15) -> 413 | M15: =SUMIFS($C:$C,$D:$D,M$3,$E:$E,$I15) -> 2435 | N15: =SUMIFS($C:$C,$D:$D,N$3,$E:$E,$I15) -> 4075 | O15: =SUMIFS($C:$C,$D:$D,O$3,$E:$E,$I15) -> 3177 | P15: =SUMIFS($C:$C,$D:$D,P$3,$E:$E,$I15) -> 1998 | Q15: =SUMIFS($C:$C,$D:$D,Q$3,$E:$E,$I15) -> 2764 | ... W15: =SUMIFS($C:$C,$D:$D,W$3,$E:$E,$I15) -> 833 | Z15: Week 4 | AA15: =AA7/1000 -> 9.869 | AB15: =AB7/1000 -> 10.557 | AC15: =AC7/1000 -> 9.517 | AD15: =AD7/1000 -> 14.391 | AE15: =AE7/1000 -> 10.495 | AF15: =AF7/1000 -> 14.482 | AG15: =AG7/1000 -> 14.788 | AH15: =AH7/1000 -> 13.214 | ... AN15: =AN7/1000 -> 4.494
A16: 202634799 | B16: 3319NDA31/IND | C16: 57 | D16: A1 | E16: 46146 | H16: 2 | I16: 46160 | J16: =SUMIFS($C:$C,$D:$D,J$3,$E:$E,$I16) -> 596 | K16: =SUMIFS($C:$C,$D:$D,K$3,$E:$E,$I16) -> 933 | L16: =SUMIFS($C:$C,$D:$D,L$3,$E:$E,$I16) -> 1084 | M16: =SUMIFS($C:$C,$D:$D,M$3,$E:$E,$I16) -> 1932 | N16: =SUMIFS($C:$C,$D:$D,N$3,$E:$E,$I16) -> 2576 | O16: =SUMIFS($C:$C,$D:$D,O$3,$E:$E,$I16) -> 2660 | P16: =SUMIFS($C:$C,$D:$D,P$3,$E:$E,$I16) -> 4020 | Q16: =SUMIFS($C:$C,$D:$D,Q$3,$E:$E,$I16) -> 1253 | ... W16: =SUMIFS($C:$C,$D:$D,W$3,$E:$E,$I16) -> 356
A17: 202636216 | B17: 3326NEB31/IND | C17: 19 | D17: A1 | E17: 46146 | H17: 3 | I17: 46161 | J17: =SUMIFS($C:$C,$D:$D,J$3,$E:$E,$I17) -> 1302 | K17: =SUMIFS($C:$C,$D:$D,K$3,$E:$E,$I17) -> 1348 | L17: =SUMIFS($C:$C,$D:$D,L$3,$E:$E,$I17) -> 1049 | M17: =SUMIFS($C:$C,$D:$D,M$3,$E:$E,$I17) -> 2435 | N17: =SUMIFS($C:$C,$D:$D,N$3,$E:$E,$I17) -> 2986 | O17: =SUMIFS($C:$C,$D:$D,O$3,$E:$E,$I17) -> 1362 | P17: =SUMIFS($C:$C,$D:$D,P$3,$E:$E,$I17) -> 947 | Q17: =SUMIFS($C:$C,$D:$D,Q$3,$E:$E,$I17) -> 3139 | ... W17: =SUMIFS($C:$C,$D:$D,W$3,$E:$E,$I17) -> 48
A18: 202636173 | B18: 1849NSA32/IND | C18: 38 | D18: A1 | E18: 46146 | H18: 4 | I18: 46162 | J18: =SUMIFS($C:$C,$D:$D,J$3,$E:$E,$I18) -> 650 | K18: =SUMIFS($C:$C,$D:$D,K$3,$E:$E,$I18) -> 1119 | L18: =SUMIFS($C:$C,$D:$D,L$3,$E:$E,$I18) -> 909 | M18: =SUMIFS($C:$C,$D:$D,M$3,$E:$E,$I18) -> 2996 | N18: =SUMIFS($C:$C,$D:$D,N$3,$E:$E,$I18) -> 2162 | O18: =SUMIFS($C:$C,$D:$D,O$3,$E:$E,$I18) -> 2367 | P18: =SUMIFS($C:$C,$D:$D,P$3,$E:$E,$I18) -> 1080 | Q18: =SUMIFS($C:$C,$D:$D,Q$3,$E:$E,$I18) -> 3201 | ... W18: =SUMIFS($C:$C,$D:$D,W$3,$E:$E,$I18) -> 124
A19: 202637387 | B19: 9323SAK30/IND | C19: 188 | D19: G8 | E19: 46146 | H19: 5 | I19: 46163 | J19: =SUMIFS($C:$C,$D:$D,J$3,$E:$E,$I19) -> 1914 | K19: =SUMIFS($C:$C,$D:$D,K$3,$E:$E,$I19) -> 746 | L19: =SUMIFS($C:$C,$D:$D,L$3,$E:$E,$I19) -> 1507 | M19: =SUMIFS($C:$C,$D:$D,M$3,$E:$E,$I19) -> 731 | N19: =SUMIFS($C:$C,$D:$D,N$3,$E:$E,$I19) -> 2663 | O19: =SUMIFS($C:$C,$D:$D,O$3,$E:$E,$I19) -> 1256 | P19: =SUMIFS($C:$C,$D:$D,P$3,$E:$E,$I19) -> 823 | Q19: =SUMIFS($C:$C,$D:$D,Q$3,$E:$E,$I19) -> 1710 | ... W19: =SUMIFS($C:$C,$D:$D,W$3,$E:$E,$I19) -> 696
A20: 202637090 | B20: 2593YAB32/IND | C20: 126 | D20: G8 | E20: 46146 | H20: 6 | I20: 46164 | J20: =SUMIFS($C:$C,$D:$D,J$3,$E:$E,$I20) -> 2288 | K20: =SUMIFS($C:$C,$D:$D,K$3,$E:$E,$I20) -> 1304 | L20: =SUMIFS($C:$C,$D:$D,L$3,$E:$E,$I20) -> 1458 | M20: =SUMIFS($C:$C,$D:$D,M$3,$E:$E,$I20) -> 2646 | N20: =SUMIFS($C:$C,$D:$D,N$3,$E:$E,$I20) -> 1466 | O20: =SUMIFS($C:$C,$D:$D,O$3,$E:$E,$I20) -> 3285 | P20: =SUMIFS($C:$C,$D:$D,P$3,$E:$E,$I20) -> 5192 | Q20: =SUMIFS($C:$C,$D:$D,Q$3,$E:$E,$I20) -> 1714 | ... W20: =SUMIFS($C:$C,$D:$D,W$3,$E:$E,$I20) -> 247
A21: 202637270 | B21: 1775BEA00/IND | C21: 50 | D21: G8 | E21: 46146 | H21: 1 | I21: 46165 | J21: =SUMIFS($C:$C,$D:$D,J$3,$E:$E,$I21) -> 1458 | K21: =SUMIFS($C:$C,$D:$D,K$3,$E:$E,$I21) -> 516 | L21: =SUMIFS($C:$C,$D:$D,L$3,$E:$E,$I21) -> 440 | M21: =SUMIFS($C:$C,$D:$D,M$3,$E:$E,$I21) -> 1148 | N21: =SUMIFS($C:$C,$D:$D,N$3,$E:$E,$I21) -> 1142 | O21: =SUMIFS($C:$C,$D:$D,O$3,$E:$E,$I21) -> 1878 | P21: =SUMIFS($C:$C,$D:$D,P$3,$E:$E,$I21) -> 1724 | Q21: =SUMIFS($C:$C,$D:$D,Q$3,$E:$E,$I21) -> 2803 | ... W21: =SUMIFS($C:$C,$D:$D,W$3,$E:$E,$I21) -> 771
A22: 202637375 | B22: 6280SAA00/IND | C22: 159 | D22: G4 | E22: 46146 | H22: 2 | I22: 46167 | J22: =SUMIFS($C:$C,$D:$D,J$3,$E:$E,$I22) -> 1011 | K22: =SUMIFS($C:$C,$D:$D,K$3,$E:$E,$I22) -> 2528 | L22: =SUMIFS($C:$C,$D:$D,L$3,$E:$E,$I22) -> 223 | M22: =SUMIFS($C:$C,$D:$D,M$3,$E:$E,$I22) -> 2281 | N22: =SUMIFS($C:$C,$D:$D,N$3,$E:$E,$I22) -> 1187 | O22: =SUMIFS($C:$C,$D:$D,O$3,$E:$E,$I22) -> 1659 | P22: =SUMIFS($C:$C,$D:$D,P$3,$E:$E,$I22) -> 1872 | Q22: =SUMIFS($C:$C,$D:$D,Q$3,$E:$E,$I22) -> 2175 | ... W22: =SUMIFS($C:$C,$D:$D,W$3,$E:$E,$I22) -> 62
A23: 202637623 | B23: 6280SAA00/IND | C23: 147 | D23: G4 | E23: 46146 | H23: 3 | I23: 46168 | J23: =SUMIFS($C:$C,$D:$D,J$3,$E:$E,$I23) -> 713 | K23: =SUMIFS($C:$C,$D:$D,K$3,$E:$E,$I23) -> 945 | L23: =SUMIFS($C:$C,$D:$D,L$3,$E:$E,$I23) -> 2500 | M23: =SUMIFS($C:$C,$D:$D,M$3,$E:$E,$I23) -> 3164 | N23: =SUMIFS($C:$C,$D:$D,N$3,$E:$E,$I23) -> 2239 | O23: =SUMIFS($C:$C,$D:$D,O$3,$E:$E,$I23) -> 1814 | P23: =SUMIFS($C:$C,$D:$D,P$3,$E:$E,$I23) -> 1139 | Q23: =SUMIFS($C:$C,$D:$D,Q$3,$E:$E,$I23) -> 1534 | ... W23: =SUMIFS($C:$C,$D:$D,W$3,$E:$E,$I23) -> 1058
A24: 202636746 | B24: 6284SAA00/IND | C24: 50 | D24: G4 | E24: 46146 | H24: 4 | I24: 46169 | J24: =SUMIFS($C:$C,$D:$D,J$3,$E:$E,$I24) -> 1464 | K24: =SUMIFS($C:$C,$D:$D,K$3,$E:$E,$I24) -> 1133 | L24: =SUMIFS($C:$C,$D:$D,L$3,$E:$E,$I24) -> 1583 | M24: =SUMIFS($C:$C,$D:$D,M$3,$E:$E,$I24) -> 1648 | N24: =SUMIFS($C:$C,$D:$D,N$3,$E:$E,$I24) -> 1263 | O24: =SUMIFS($C:$C,$D:$D,O$3,$E:$E,$I24) -> 2175 | P24: =SUMIFS($C:$C,$D:$D,P$3,$E:$E,$I24) -> 2121 | Q24: =SUMIFS($C:$C,$D:$D,Q$3,$E:$E,$I24) -> 1540 | ... W24: =SUMIFS($C:$C,$D:$D,W$3,$E:$E,$I24) -> 416
A25: 202637125 | B25: 6282SAA00/IND | C25: 61 | D25: G4 | E25: 46146 | H25: 5 | I25: 46171 | J25: =SUMIFS($C:$C,$D:$D,J$3,$E:$E,$I25) -> 1830 | K25: =SUMIFS($C:$C,$D:$D,K$3,$E:$E,$I25) -> 1397 | L25: =SUMIFS($C:$C,$D:$D,L$3,$E:$E,$I25) -> 0 | M25: =SUMIFS($C:$C,$D:$D,M$3,$E:$E,$I25) -> 1814 | N25: =SUMIFS($C:$C,$D:$D,N$3,$E:$E,$I25) -> 1233 | O25: =SUMIFS($C:$C,$D:$D,O$3,$E:$E,$I25) -> 731 | P25: =SUMIFS($C:$C,$D:$D,P$3,$E:$E,$I25) -> 732 | Q25: =SUMIFS($C:$C,$D:$D,Q$3,$E:$E,$I25) -> 2244 | ... W25: =SUMIFS($C:$C,$D:$D,W$3,$E:$E,$I25) -> 1460
A26: 202637119 | B26: 3330SCA31/IND | C26: 18 | D26: G4 | E26: 46146 | I26: 46172 | J26: =SUMIFS($C:$C,$D:$D,J$3,$E:$E,$I26) -> 1105 | K26: =SUMIFS($C:$C,$D:$D,K$3,$E:$E,$I26) -> 2734 | L26: =SUMIFS($C:$C,$D:$D,L$3,$E:$E,$I26) -> 3313 | M26: =SUMIFS($C:$C,$D:$D,M$3,$E:$E,$I26) -> 1690 | N26: =SUMIFS($C:$C,$D:$D,N$3,$E:$E,$I26) -> 1965 | O26: =SUMIFS($C:$C,$D:$D,O$3,$E:$E,$I26) -> 2940 | P26: =SUMIFS($C:$C,$D:$D,P$3,$E:$E,$I26) -> 2008 | Q26: =SUMIFS($C:$C,$D:$D,Q$3,$E:$E,$I26) -> 1204 | ... W26: =SUMIFS($C:$C,$D:$D,W$3,$E:$E,$I26) -> 480
A27: 202636728 | B27: 3305SAD00/IND | C27: 43 | D27: G4 | E27: 46146 | I27: 46173 | J27: =SUMIFS($C:$C,$D:$D,J$3,$E:$E,$I27) -> 0 | K27: =SUMIFS($C:$C,$D:$D,K$3,$E:$E,$I27) -> 0 | L27: =SUMIFS($C:$C,$D:$D,L$3,$E:$E,$I27) -> 0 | M27: =SUMIFS($C:$C,$D:$D,M$3,$E:$E,$I27) -> 0 | N27: =SUMIFS($C:$C,$D:$D,N$3,$E:$E,$I27) -> 0 | O27: =SUMIFS($C:$C,$D:$D,O$3,$E:$E,$I27) -> 0 | P27: =SUMIFS($C:$C,$D:$D,P$3,$E:$E,$I27) -> 0 | Q27: =SUMIFS($C:$C,$D:$D,Q$3,$E:$E,$I27) -> 0 | ... W27: =SUMIFS($C:$C,$D:$D,W$3,$E:$E,$I27) -> 0
A28: 202636543 | B28: 3305QAD31/IND | C28: 91 | D28: G4 | E28: 46146 | L28: Sum of ACC | M28: Column Labels
A29: 202637369 | B29: 3305WAD00/IND | C29: 116 | D29: G4 | E29: 46146 | L29: Row Labels | M29: Top assly | N29: #N/A | O29: (blank) | P29: Grand Total
A30: 202636541 | B30: 3247SAB00/IND | C30: 89 | D30: G4 | E30: 46146 | L30: A1 | N30: 8271 | P30: 8271
A31: 202636540 | B31: 3246SAA00/IND | C31: 417 | D31: G4 | E31: 46146 | L31: A2 | N31: 7945 | P31: 7945
A32: 202636524 | B32: 2536YAB41/IND | C32: 249 | D32: G4 | E32: 46146 | L32: A3 | N32: 8416 | P32: 8416
A33: 202636176 | B33: 1927YAG00/IND | C33: 113 | D33: G4 | E33: 46146 | L33: G1 | M33: 950 | N33: 13545 | P33: 14495
A34: 202636165 | B34: 1823QCD00/IND | C34: 99 | D34: G4 | E34: 46146 | L34: G2 | N34: 15050 | P34: 15050
A35: 202637079 | B35: 1823YAA00/IND | C35: 29 | D35: G4 | E35: 46146 | L35: G3 | M35: 70 | N35: 14747 | P35: 14817
A36: 202637080 | B36: 1823YAA31/IND | C36: 126 | D36: G4 | E36: 46146 | L36: G4 | N36: 16837 | P36: 16837
A37: 202636166 | B37: 1823SAA32/IND | C37: 30 | D37: G4 | E37: 46146 | L37: G5 | M37: 276 | N37: 12272 | P37: 12548
A38: 202637271 | B38: 1806NSA00/IND | C38: 111 | D38: G4 | E38: 46146 | L38: G6 | N38: 13686 | P38: 13686
A39: 202637615 | B39: 3291SAA00/IND | C39: 1000 | D39: G4 | E39: 46146 | L39: G7 | M39: 59 | N39: 14710 | P39: 14769
A40: 202637639 | B40: 3291SAA00/IND | C40: 221 | D40: G4 | E40: 46146 | L40: G8 | M40: 499 | N40: 11500 | P40: 11999
A41: 202634815 | B41: 6307WAA31/IND | C41: 43 | D41: G7 | E41: 46146 | L41: PED | M41: 2625 | N41: 6477 | P41: 9102
A42: 202634155 | B42: 6266NAB31/IND | C42: 71 | D42: G7 | E42: 46146 | L42: (blank)
A43: 202637110 | B43: 3246SAA00/IND | C43: 237 | D43: G7 | E43: 46146 | L43: Grand Total | M43: 4479 | N43: 143456 | P43: 147935
A44: 202636223 | B44: 6285WAC00/IND | C44: 54 | D44: G7 | E44: 46146
A45: 202636547 | B45: 6285WAC00/IND | C45: 167 | D45: G7 | E45: 46146
A46: 202636099 | B46: 1713SAJ00/IND | C46: 51 | D46: G7 | E46: 46146
A47: 202637072 | B47: 1713SAJ00/IND | C47: 267 | D47: G7 | E47: 46146
A48: 202637124 | B48: 6269QAA00/IND | C48: 86 | D48: G7 | E48: 46146
A49: 202637108 | B49: 311WAH34/IND | C49: 88 | D49: A3 | E49: 46146
A50: 202637107 | B50: 311WAH33/IND | C50: 90 | D50: A3 | E50: 46146
A51: 202635919 | B51: 1733KCA34/IND | C51: 234 | D51: A3 | E51: 46146
A52: 202634791 | B52: 3286KAA31/IND | C52: 31 | D52: A3 | E52: 46146
A53: 202636723 | B53: 3286KAA31/IND | C53: 155 | D53: A3 | E53: 46146
A54: 202636736 | B54: 3327QKB31/IND | C54: 101 | D54: A3 | E54: 46146
A55: 202636735 | B55: 3327NKB31/IND | C55: 55 | D55: A3 | E55: 46146
... A3274: 202650219 | B3274: 6327QAA31/IND | C3274: 290 | D3274: G2 | E3274: 46172

Sheet Returns 
B2: Stripping | AK2: Stripping | BK2: Other shop returns
AK3: Date | AL3: ORDER | AM3: GROUP | AN3: MODEL NO | AO3: CC STRIPPING | AP3: Scrap | AS3: Stripping | BK3: DATE | BL3: Order No | BM3: GROUP | BN3: Model | BO3: Returns Qty | BQ3: Sum of Returns Qty | BR3: Column Labels
C4: =SUBTOTAL(9,C6:C30) -> 146 | D4: =SUBTOTAL(9,D6:D30) -> 157 | E4: =SUBTOTAL(9,E6:E30) -> 52 | F4: =SUBTOTAL(9,F6:F30) -> 152 | G4: =SUBTOTAL(9,G6:G30) -> 38 | H4: =SUBTOTAL(9,H6:H30) -> 159 | I4: =SUBTOTAL(9,I6:I30) -> 150 | J4: =SUBTOTAL(9,J6:J30) -> 111 | ... N4: =SUBTOTAL(9,N6:N30) -> 114 | S4: Stipping | AK4: 45992 | AL4: 202572599 | AM4: G3 | AN4: 7140NAA31/IND | AO4: 114 | AS4: Sum of CC STRIPPING | AT4: Column Labels | BK4: 45992 | BL4: 202572599 | BM4: G3 | BN4: 7140NAA31/IND | BO4: 5 | BQ4: Row Labels | BR4: A1 | BS4: A2 | BT4: A3 | BU4: G1 | BV4: G2 | BW4: G3 | BX4: G4 | BY4: G5 | BZ4: G6 | CA4: G7 | CB4: PED | CC4: (blank) | CD4: Grand Total
B5: Date | C5: A1 | D5: A2 | E5: A3 | F5: G1 | G5: G2 | H5: G3 | I5: G4 | J5: G5 | K5: G6 | L5: G7 | M5: G8 | N5: PED | O5: PED-Auto | P5: KMC | Q5: RET | T5: A1 | U5: A2 | V5: A3 | W5: G1 | X5: G2 | Y5: G3 | Z5: G4 | AA5: G5 | AB5: G6 | AC5: G7 | AD5: G8 | AE5: PED | AF5: PED-Auto | AG5: KMC | AH5: RET | AK5: 45992 | AL5: 202564673 | AM5: G3 | AN5: 2638SAB00/IND | AO5: 0 | AP5: 1 | AS5: Row Labels | AT5: A1 | AU5: A2 | AV5: A3 | AW5: G1 | AX5: G2 | AY5: G3 | AZ5: G4 | BA5: G5 | BB5: G6 | BC5: G7 | BD5: G8 | BE5: KMC | BF5: PED | BG5: RET | BH5: (blank) | BI5: Grand Total | BK5: 45992 | BL5: 202571484 | BM5: G1 | BN5: 2540WAJ35/IND | BO5: 3 | BQ5: 45992 | BR5: 10 | BS5: 88 | BU5: 33 | BW5: 5 | CD5: 136
A6: 1 | B6: 46146 | C6: 146 | D6: 45 | E6: 10 | F6: 47 | G6: 38 | H6: 138 | I6: 45 | K6: 113 | L6: 102 | M6: 76 | N6: 40 | O6: 107 | S6: Week 1 | T6: =SUM(C6:C9) -> 146 | U6: =SUM(D6:D9) -> 157 | V6: =SUM(E6:E9) -> 52 | W6: =SUM(F6:F9) -> 152 | X6: =SUM(G6:G9) -> 38 | Y6: =SUM(H6:H9) -> 159 | Z6: =SUM(I6:I9) -> 150 | AA6: =SUM(J6:J9) -> 111 | ... AH6: =SUM(Q6:Q9) -> 0 | AK6: 45992 | AL6: 202562012 | AM6: G4 | AN6: 1775SEB00/IND | AO6: 0 | AP6: 2 | AS6: 45992 | AT6: 53 | AU6: 123 | AV6: 16 | AW6: 27 | AX6: 12 | AY6: 146 | AZ6: 0 | BB6: 35 | BC6: 27 | BD6: 7 | BE6: 3 | BI6: 449 | BK6: 45992 | BL6: 202571484 | BM6: G1 | BN6: 2540WAJ35/IND | BO6: 17 | BQ6: 45993 | BU6: 36 | BX6: 31 | BZ6: 7 | CA6: 16 | CB6: 104 | CD6: 194
A7: 2 | B7: 46147 | C7: 0 | D7: 102 | E7: 20 | F7: 54 | H7: 12 | I7: 57 | K7: 15 | L7: 27 | M7: 13 | S7: Week 2 | T7: =SUM(C10:C16) -> 0 | U7: =SUM(D10:D16) -> 0 | V7: =SUM(E10:E16) -> 0 | W7: =SUM(F10:F16) -> 0 | X7: =SUM(G10:G16) -> 0 | Y7: =SUM(H10:H16) -> 0 | Z7: =SUM(I10:I16) -> 0 | AA7: =SUM(J10:J16) -> 0 | ... AH7: =SUM(Q10:Q16) -> 0 | AK7: 45992 | AL7: 202571693 | AM7: G8 | AN7: 9323SAK30/IND | AO7: 1 | AS7: 45993 | AT7: 14 | AV7: 7 | AW7: 20 | AX7: 53 | AY7: 279 | AZ7: 309 | BB7: 86 | BC7: 56 | BD7: 34 | BF7: 136 | BI7: 994 | BK7: 45992 | BL7: 202571485 | BM7: G1 | BN7: 2540WAK31/IND | BO7: 7 | BQ7: 45994 | BT7: 61 | BU7: 72 | BW7: 12 | BY7: 54 | CA7: 14 | CB7: 30 | CD7: 243
A8: 3 | B8: 46148 | D8: 10 | E8: 22 | F8: 51 | H8: 9 | I8: 48 | J8: 111 | K8: 28 | L8: 105 | M8: 85 | N8: 74 | O8: 16 | S8: Week 3 | T8: =SUM(C17:C23) -> 0 | U8: =SUM(D17:D23) -> 0 | V8: =SUM(E17:E23) -> 0 | W8: =SUM(F17:F23) -> 0 | X8: =SUM(G17:G23) -> 0 | Y8: =SUM(H17:H23) -> 0 | Z8: =SUM(I17:I23) -> 0 | AA8: =SUM(J17:J23) -> 0 | ... AH8: =SUM(Q17:Q23) -> 0 | AK8: 45992 | AL8: 202572453 | AM8: G1 | AN8: 3273NHA31/IND | AO8: 5 | AS8: 45994 | AU8: 57 | AV8: 2 | AW8: 140 | AY8: 94 | AZ8: 55 | BA8: 68 | BB8: 41 | BC8: 9 | BD8: 40 | BF8: 50 | BI8: 556 | BK8: 45992 | BL8: 202572440 | BM8: G1 | BN8: 2648QAA31/IND | BO8: 6 | BQ8: 45995 | BR8: 66 | BU8: 1 | BV8: 9 | BX8: 16 | BY8: 103 | CD8: 195
A9: 4 | B9: 46149 | S9: Week 4 | T9: =SUM(C24:C29) -> 0 | U9: =SUM(D24:D29) -> 0 | V9: =SUM(E24:E29) -> 0 | W9: =SUM(F24:F29) -> 0 | X9: =SUM(G24:G29) -> 0 | Y9: =SUM(H24:H29) -> 0 | Z9: =SUM(I24:I29) -> 0 | AA9: =SUM(J24:J29) -> 0 | ... AH9: =SUM(Q24:Q29) -> 0 | AK9: 45992 | AL9: 202570957 | AM9: G7 | AN9: 2685YAA00/IND | AO9: 2 | AS9: 45995 | AT9: 42 | AU9: 64 | AV9: 25 | AW9: 40 | AX9: 27 | AY9: 92 | AZ9: 36 | BA9: 21 | BB9: 74 | BC9: 26 | BF9: 56 | BG9: 1 | BI9: 504 | BK9: 45992 | BL9: 202570407 | BM9: A2 | BN9: 1698WAF00/IND | BO9: 19 | BQ9: 45996 | BU9: 56 | BW9: 13 | BX9: 79 | CA9: 23 | CD9: 171
A10: 5 | B10: 46150 | AK10: 45992 | AL10: 202571660 | AM10: G7 | AN10: 3222SSA00/IND | AO10: 1 | AP10: 1 | AS10: 45996 | AW10: 19 | AX10: 37 | AY10: 72 | AZ10: 5 | BA10: 43 | BB10: 25 | BC10: 92 | BD10: 15 | BF10: 0 | BG10: 18 | BI10: 326 | BK10: 45992 | BL10: 202571522 | BM10: A2 | BN10: 3317QAA32/IND | BO10: 10 | BQ10: (blank)
A11: 1 | B11: 46151 | S11: Stipping | AK11: 45992 | AL11: 202572418 | AM11: G7 | AN11: 1713YAG00/IND | AO11: 4 | AS11: (blank) | BK11: 45992 | BL11: 202570786 | BM11: A2 | BN11: 6216WAA31/IND | BO11: 51 | BQ11: Grand Total | BR11: 76 | BS11: 88 | BT11: 61 | BU11: 198 | BV11: 9 | BW11: 30 | BX11: 126 | BY11: 157 | BZ11: 7 | CA11: 53 | CB11: 134 | CD11: 939
A12: 2 | B12: 46153 | T12: A1 | U12: A2 | V12: A3 | W12: G1 | X12: G2 | Y12: G3 | Z12: G4 | AA12: G5 | AB12: G6 | AC12: G7 | AD12: G8 | AE12: PED | AF12: PED-Auto | AG12: KMC | AH12: RET | AK12: 45992 | AL12: 202571591 | AM12: G7 | AN12: 1713SAJ00/IND | AO12: 1 | AS12: Grand Total | AT12: 109 | AU12: 244 | AV12: 50 | AW12: 246 | AX12: 129 | AY12: 683 | AZ12: 405 | BA12: 132 | BB12: 261 | BC12: 210 | BD12: 96 | BE12: 3 | BF12: 242 | BG12: 19 | BI12: 2829 | BK12: 45992 | BL12: 202571486 | BM12: A2 | BN12: 2572SAB31/IND | BO12: 8
A13: 3 | B13: 46154 | S13: Week 1 | T13: =T6/1000 -> 0.146 | U13: =U6/1000 -> 0.157 | V13: =V6/1000 -> 0.052 | W13: =W6/1000 -> 0.152 | X13: =X6/1000 -> 0.038 | Y13: =Y6/1000 -> 0.159 | Z13: =Z6/1000 -> 0.15 | AA13: =AA6/1000 -> 0.111 | ... AH13: =AH6/1000 -> 0 | AK13: 45992 | AL13: 202572429 | AM13: G1 | AN13: 1825YAC00/IND | AO13: 5 | BK13: 45992 | BL13: 202570987 | BM13: A1 | BN13: 9151BAD40/IND | BO13: 5
A14: 4 | B14: 46155 | S14: Week 2 | T14: =T7/1000 -> 0 | U14: =U7/1000 -> 0 | V14: =V7/1000 -> 0 | W14: =W7/1000 -> 0 | X14: =X7/1000 -> 0 | Y14: =Y7/1000 -> 0 | Z14: =Z7/1000 -> 0 | AA14: =AA7/1000 -> 0 | ... AH14: =AH7/1000 -> 0 | AK14: 45992 | AL14: 202571644 | AM14: G1 | AN14: 1806SAE00/IND | AO14: 2 | AS14: Scrap | BK14: 45992 | BL14: 202570426 | BM14: A1 | BN14: 2670WAA31/IND | BO14: 5
A15: 5 | B15: 46156 | S15: Week 3 | T15: =T8/1000 -> 0 | U15: =U8/1000 -> 0 | V15: =V8/1000 -> 0 | W15: =W8/1000 -> 0 | X15: =X8/1000 -> 0 | Y15: =Y8/1000 -> 0 | Z15: =Z8/1000 -> 0 | AA15: =AA8/1000 -> 0 | ... AH15: =AH8/1000 -> 0 | AK15: 45992 | AL15: 202571672 | AM15: G1 | AN15: 3317QAA32/IND | AO15: 1 | AP15: 3 | AS15: Sum of Scrap | AT15: Column Labels | BK15: 45993 | BL15: 202573025 | BM15: G4 | BN15: 3246SAA00/IND | BO15: 6
A16: 1 | B16: 46157 | S16: Week 4 | T16: =T9/1000 -> 0 | U16: =U9/1000 -> 0 | V16: =V9/1000 -> 0 | W16: =W9/1000 -> 0 | X16: =X9/1000 -> 0 | Y16: =Y9/1000 -> 0 | Z16: =Z9/1000 -> 0 | AA16: =AA9/1000 -> 0 | ... AH16: =AH9/1000 -> 0 | AK16: 45992 | AL16: 202572428 | AM16: G1 | AN16: 1825YAA00/IND | AO16: 3 | AS16: Row Labels | AT16: A1 | AU16: A2 | AV16: A3 | AW16: G1 | AX16: G2 | AY16: G3 | AZ16: G4 | BA16: G5 | BB16: G6 | BC16: G7 | BD16: G8 | BE16: KMC | BF16: PED | BG16: RET | BH16: (blank) | BI16: Grand Total | BK16: 45993 | BL16: 202571665 | BM16: PED | BN16: 3273NAA31/IND | BO16: 7
A17: 2 | B17: 46158 | AK17: 45992 | AL17: 202572448 | AM17: G8 | AN17: 2760QAA00/IND | AO17: 3 | AS17: 45992 | AT17: 5 | AU17: 6 | AV17: 2 | AW17: 4 | AX17: 6 | AY17: 2 | AZ17: 2 | BB17: 3 | BC17: 2 | BD17: 3 | BI17: 35 | BK17: 45993 | BL17: 202568571 | BM17: PED | BN17: 10063BDA31/IND | BO17: 20
A18: 3 | B18: 46160 | AK18: 45992 | AL18: 202571594 | AM18: G8 | AN18: 1730SAA00/IND | AO18: 1 | AP18: 2 | AS18: 45993 | AT18: 1 | AV18: 2 | AW18: 6 | AY18: 1 | AZ18: 19 | BB18: 4 | BC18: 9 | BD18: 6 | BF18: 22 | BI18: 70 | BK18: 45993 | BL18: 202571645 | BM18: G4 | BN18: 1823QCD00/IND | BO18: 25
A19: 4 | B19: 46161 | AK19: 45992 | AL19: 202570425 | AM19: A1 | AN19: 2656WAB00/IND | AO19: 2 | AP19: 3 | AS19: 45994 | AU19: 2 | AW19: 15 | AY19: 9 | AZ19: 4 | BA19: 3 | BB19: 3 | BC19: 2 | BD19: 4 | BF19: 1 | BI19: 43 | BK19: 45993 | BL19: 202571523 | BM19: G6 | BN19: 3322SFA00/IND | BO19: 7
A20: 5 | B20: 46162 | AK20: 45992 | AL20: 202571488 | AM20: A1 | AN20: 2576YAC31/IND | AO20: 11 | AP20: 1 | AS20: 45995 | AT20: 5 | AU20: 3 | AV20: 2 | AW20: 1 | AY20: 2 | AZ20: 8 | BA20: 4 | BC20: 7 | BG20: 1 | BI20: 33 | BK20: 45993 | BL20: 202572547 | BM20: G1 | BN20: 2576WAC31/IND | BO20: 36
A21: 6 | B21: 46163 | AK21: 45992 | AL21: 202570427 | AM21: A1 | AN21: 2670WAC31/IND | AO21: 3 | AP21: 1 | AS21: 45996 | AW21: 3 | AX21: 2 | AY21: 6 | BA21: 3 | BB21: 3 | BC21: 1 | BD21: 2 | BF21: 18 | BG21: 1 | BI21: 39 | BK21: 45993 | BL21: 202570945 | BM21: PED | BN21: 2606WAC36/IND | BO21: 33
A22: 1 | B22: 46164 | AK22: 45992 | AL22: 202571593 | AM22: G8 | AN22: 1729SAH00/IND | AO22: 2 | AP22: 1 | AS22: (blank) | BK22: 45993 | BL22: 202570945 | BM22: PED | BN22: 2606WAC36/IND | BO22: 27
A23: 2 | B23: 46165 | AK23: 45992 | AL23: 202571484 | AM23: G1 | AN23: 2540WAJ35/IND | AO23: 5 | AP23: 1 | AS23: Grand Total | AT23: 11 | AU23: 11 | AV23: 6 | AW23: 29 | AX23: 8 | AY23: 20 | AZ23: 33 | BA23: 10 | BB23: 13 | BC23: 21 | BD23: 15 | BF23: 41 | BG23: 2 | BI23: 220 | BK23: 45993 | BL23: 202570945 | BM23: PED | BN23: 2606WAC36/IND | BO23: 6
A24: 3 | B24: 46167 | AK24: 45992 | AL24: 202571485 | AM24: G1 | AN24: 2540WAK31/IND | AO24: 0 | BK24: 45993 | BL24: 202568626 | BM24: PED | BN24: 3215SSA31/IND | BO24: 6
A25: 4 | B25: 46168 | AK25: 45992 | AL25: 202572440 | AM25: G1 | AN25: 2648QAA31/IND | AO25: 2 | BK25: 45993 | BL25: 202569046 | BM25: PED | BN25: 10063YDA31/IND | BO25: 5
A26: 5 | B26: 46169 | AK26: 45992 | AL26: 202572417 | AM26: A2 | AN26: 1698SAF00/IND | AO26: 19 | AP26: 4 | BK26: 45993 | BL26: 202572966 | BM26: G7 | BN26: 2601YAA32/IND | BO26: 16
A27: 6 | B27: 46171 | AK27: 45992 | AL27: 202570407 | AM27: A2 | AN27: 1698WAF00/IND | AO27: 0 | BK27: 45994 | BL27: 202570433 | BM27: A3 | BN27: 311YAH34/IND | BO27: 61
B28: 46172 | AK28: 45992 | AL28: 202571651 | AM28: A2 | AN28: 1825SAD00/IND | AO28: 1 | BK28: 45994 | BL28: 202570459 | BM28: G5 | BN28: 8060YAC00/IND | BO28: 48
B29: 46173 | AK29: 45992 | AL29: 202571588 | AM29: A2 | AN29: 1698QCF31/IND | AO29: 9 | BK29: 45994 | BL29: 202572948 | BM29: PED | BN29: 6221WAA31/IND | BO29: 4
AK30: 45992 | AL30: 202571175 | AM30: A2 | AN30: 7131NCA34/IND | AO30: 1 | BK30: 45994 | BL30: 202571687 | BM30: PED | BN30: 7133YAA00/IND | BO30: 26
AK31: 45992 | AL31: 202571174 | AM31: A2 | AN31: 7131NCA31/IND | AO31: 3 | BK31: 45994 | BL31: 202572605 | BM31: G1 | BN31: 9315YAE00/IND | BO31: 46
AK32: 45992 | AL32: 202571522 | AM32: A2 | AN32: 3317QAA32/IND | AO32: 22 | BK32: 45994 | BL32: 202572487 | BM32: G1 | BN32: 9315BAE00/IND | BO32: 9
AK33: 45992 | AL33: 202570786 | AM33: A2 | AN33: 6216WAA31/IND | AO33: 0 | BK33: 45994 | BL33: 202573682 | BM33: G1 | BN33: 6225QAA31/IND | BO33: 10
AK34: 45992 | AL34: 202571486 | AM34: A2 | AN34: 2572SAB31/IND | AO34: 0 | BK34: 45994 | BL34: 202572922 | BM34: G1 | BN34: 2648SAE00/IND | BO34: 7
AK35: 45992 | AL35: 202562856 | AM35: KMC | AN35: 1474NSA31/IND | AO35: 3 | BK35: 45994 | BL35: 202572817 | BM35: G3 | BN35: 1769SAA34/IND | BO35: 12
AK36: 45992 | AL36: 202571534 | AM36: A2 | AN36: 6296WAA00/IND | AO36: 7 | BK36: 45994 | BL36: 202569768 | BM36: G5 | BN36: 2601WAA32/IND | BO36: 6
AK37: 45992 | AL37: 202571489 | AM37: G6 | AN37: 2579SAC31/IND | AO37: 7 | AP37: 1 | BK37: 45994 | BL37: 202572814 | BM37: G7 | BN37: 1713SAJ00/IND | BO37: 5
AK38: 45992 | AL38: 202571683 | AM38: G6 | AN38: 6292QAA31/IND | AO38: 7 | BK38: 45994 | BL38: 202572951 | BM38: G7 | BN38: 6277NAA31/IND | BO38: 9
B39: Returns | S39: Returns | AK39: 45992 | AL39: 202571673 | AM39: G6 | AN39: 3322SAA00/IND | AO39: 2 | BK39: 45995 | BL39: 202573036 | BM39: G2 | BN39: 3317SAA00/IND | BO39: 9
T40: A1 | U40: A2 | V40: A3 | W40: G1 | X40: G2 | Y40: G3 | Z40: G4 | AA40: G5 | AB40: G6 | AC40: G7 | AD40: G8 | AE40: PED | AF40: PED-Auto | AG40: KMC | AH40: RET | AK40: 45992 | AL40: 202571600 | AM40: G3 | AN40: 1775SEB00/IND | AO40: 0 | AP40: 1 | BK40: 45995 | BL40: 202570958 | BM40: G4 | BN40: 2754WAA31/IND | BO40: 10
C41: =SUBTOTAL(9,C43:C67) -> 92 | D41: =SUBTOTAL(9,D43:D67) -> 54 | E41: =SUBTOTAL(9,E43:E67) -> 13 | F41: =SUBTOTAL(9,F43:F67) -> 70 | G41: =SUBTOTAL(9,G43:G67) -> 0 | H41: =SUBTOTAL(9,H43:H67) -> 0 | I41: =SUBTOTAL(9,I43:I67) -> 149 | J41: =SUBTOTAL(9,J43:J67) -> 35 | ... N41: =SUBTOTAL(9,N43:N67) -> 0 | S41: Week 1 | T41: =SUM(C43:C47) -> 92 | U41: =SUM(D43:D47) -> 54 | V41: =SUM(E43:E47) -> 13 | W41: =SUM(F43:F47) -> 70 | X41: =SUM(G43:G47) -> 0 | Y41: =SUM(H43:H47) -> 0 | Z41: =SUM(I43:I47) -> 149 | AA41: =SUM(J43:J47) -> 35 | ... AH41: =SUM(Q43:Q47) -> 0 | AK41: 45992 | AL41: 202571599 | AM41: G3 | AN41: 1775BEA00/IND | AO41: 8 | BK41: 45995 | BL41: 202573989 | BM41: G5 | BN41: 2480WAP00/IND | BO41: 18
B42: Date | C42: A1 | D42: A2 | E42: A3 | F42: G1 | G42: G2 | H42: G3 | I42: G4 | J42: G5 | K42: G6 | L42: G7 | M42: G8 | N42: PED | O42: PED-Auto | P42: KMC | Q42: RET | S42: Week 2 | T42: =SUM(C48:C52) -> 0 | U42: =SUM(D48:D52) -> 0 | V42: =SUM(E48:E52) -> 0 | W42: =SUM(F48:F52) -> 0 | X42: =SUM(G48:G52) -> 0 | Y42: =SUM(H48:H52) -> 0 | Z42: =SUM(I48:I52) -> 0 | AA42: =SUM(J48:J52) -> 0 | ... AH42: =SUM(Q48:Q52) -> 0 | AK42: 45992 | AL42: 202572424 | AM42: G3 | AN42: 1802YAE00/IND | AO42: 2 | BK42: 45995 | BL42: 202572466 | BM42: G5 | BN42: 3322SFA00/IND | BO42: 47
A43: 1 | B43: 46146 | F43: 28 | K43: 12 | S43: Week 3 | T43: =SUM(C53:C58) -> 0 | U43: =SUM(D53:D58) -> 0 | V43: =SUM(E53:E58) -> 0 | W43: =SUM(F53:F58) -> 0 | X43: =SUM(G53:G58) -> 0 | Y43: =SUM(H53:H58) -> 0 | Z43: =SUM(I53:I58) -> 0 | AA43: =SUM(J53:J58) -> 0 | ... AH43: =SUM(Q53:Q58) -> 0 | AK43: 45992 | AL43: 202572438 | AM43: G3 | AN43: 2639YAA30/IND | AO43: 11 | BK43: 45995 | BL43: 202572545 | BM43: G5 | BN43: 2480NAU31/IND | BO43: 1
A44: 2 | B44: 46147 | C44: 92 | E44: 13 | I44: 14 | J44: 35 | L44: 12 | S44: Week 4 | T44: =SUM(C59:C64) -> 0 | U44: =SUM(D59:D64) -> 0 | V44: =SUM(E59:E64) -> 0 | W44: =SUM(F59:F64) -> 0 | X44: =SUM(G59:G64) -> 0 | Y44: =SUM(H59:H64) -> 0 | Z44: =SUM(I59:I64) -> 0 | AA44: =SUM(J59:J64) -> 0 | ... AH44: =SUM(Q59:Q64) -> 0 | AK44: 45992 | AL44: 202571106 | AM44: G3 | AN44: 1639SEB00/IND | AO44: 4 | BK44: 45995 | BL44: 202572779 | BM44: G5 | BN44: 1627YAK00/IND | BO44: 37
A45: 3 | B45: 46148 | D45: 54 | F45: 42 | I45: 135 | K45: 1 | M45: 39 | AK45: 45992 | AL45: 202570432 | AM45: A3 | AN45: 311WAH34/IND | AO45: 0 | AP45: 1 | BK45: 45995 | BL45: 202570448 | BM45: A1 | BN45: 6270WAA31/IND | BO45: 66
A46: 4 | B46: 46149 | AK46: 45992 | AL46: 202570520 | AM46: G3 | AN46: 1767NEA31/IND | AO46: 2 | BK46: 45995 | BL46: 202572588 | BM46: G1 | BN46: 6225WAA00/IND | BO46: 1
A47: 5 | B47: 46150 | S47: Returns | AK47: 45992 | AL47: 202571659 | AM47: G3 | AN47: 3220SAA00/IND | AO47: 1 | BK47: 45995 | BL47: 202574181 | BM47: G4 | BN47: 3305SCA00/IND | BO47: 5
A48: 1 | B48: 46151 | T48: A1 | U48: A2 | V48: A3 | W48: G1 | X48: G2 | Y48: G3 | Z48: G4 | AA48: G5 | AB48: G6 | AC48: G7 | AD48: G8 | AE48: PED | AF48: PED-Auto | AG48: KMC | AH48: RET | AK48: 45992 | AL48: 202571482 | AM48: G3 | AN48: 1969YAA00/IND | AO48: 4 | BK48: 45995 | BL48: 202572929 | BM48: G4 | BN48: 3247NAC31/IND | BO48: 1
A49: 2 | B49: 46153 | S49: Week 1 | T49: =T41/1000 -> 0.092 | U49: =U41/1000 -> 0.054 | V49: =V41/1000 -> 0.013 | W49: =W41/1000 -> 0.07 | X49: =X41/1000 -> 0 | Y49: =Y41/1000 -> 0 | Z49: =Z41/1000 -> 0.149 | AA49: =AA41/1000 -> 0.035 | ... AH49: =AH41/1000 -> 0 | AK49: 45992 | AL49: 202570496 | AM49: A1 | AN49: 3333NJA31/IND | AO49: 17 | BK49: 45996 | BL49: 202574565 | BM49: G7 | BN49: 6274WAA31/IND | BO49: 6
A50: 3 | B50: 46154 | S50: Week 2 | T50: =T42/1000 -> 0 | U50: =U42/1000 -> 0 | V50: =V42/1000 -> 0 | W50: =W42/1000 -> 0 | X50: =X42/1000 -> 0 | Y50: =Y42/1000 -> 0 | Z50: =Z42/1000 -> 0 | AA50: =AA42/1000 -> 0 | ... AH50: =AH42/1000 -> 0 | AK50: 45992 | AL50: 202569915 | AM50: A1 | AN50: 1825KAA00/IND | AO50: 8 | BK50: 45996 | BL50: 202574134 | BM50: G3 | BN50: 1866SAA00/IND | BO50: 13
A51: 4 | B51: 46155 | S51: Week 3 | T51: =T43/1000 -> 0 | U51: =U43/1000 -> 0 | V51: =V43/1000 -> 0 | W51: =W43/1000 -> 0 | X51: =X43/1000 -> 0 | Y51: =Y43/1000 -> 0 | Z51: =Z43/1000 -> 0 | AA51: =AA43/1000 -> 0 | ... AH51: =AH43/1000 -> 0 | AK51: 45992 | AL51: 202571487 | AM51: A1 | AN51: 2576WAC31/IND | AO51: 5 | BK51: 45996 | BL51: 202574556 | BM51: G4 | BN51: 3305SAA00/IND | BO51: 79
A52: 5 | B52: 46156 | S52: Week 4 | T52: =T44/1000 -> 0 | U52: =U44/1000 -> 0 | V52: =V44/1000 -> 0 | W52: =W44/1000 -> 0 | X52: =X44/1000 -> 0 | Y52: =Y44/1000 -> 0 | Z52: =Z44/1000 -> 0 | AA52: =AA44/1000 -> 0 | ... AH52: =AH44/1000 -> 0 | AK52: 45992 | AL52: 202571526 | AM52: A1 | AN52: 6109SAA31/IND | AO52: 6 | BK52: 45996 | BL52: 202568573 | BM52: G7 | BN52: 10063SDA31/IND | BO52: 17
A53: 1 | B53: 46157 | AK53: 45992 | AL53: 202570987 | AM53: A1 | AN53: 9151BAD40/IND | AO53: 0 | BK53: 45996 | BL53: 202574041 | BM53: G1 | BN53: 9315YAE00/IND | BO53: 35
A54: 2 | B54: 46158 | AK54: 45992 | AL54: 202567311 | AM54: A3 | AN54: 2642QAA31/IND | AO54: 15 | AP54: 1 | BK54: 45996 | BL54: 202574041 | BM54: G1 | BN54: 9315YAE00/IND | BO54: 6
A55: 3 | B55: 46160 | AK55: 45992 | AL55: 202571521 | AM55: A3 | AN55: 3308SDA31/IND | AO55: 1 | BK55: 45996 | BL55: 202574040 | BM55: G1 | BN55: 9315BAE00/IND | BO55: 15
A56: 4 | B56: 46161 | AK56: 45992 | AL56: 202572540 | AM56: A2 | AN56: 1825YAD00/IND | AO56: 2
A57: 5 | B57: 46162 | AK57: 45992 | AL57: 202569719 | AM57: A2 | AN57: 1698SAF00/IND | AO57: 41 | AP57: 1
A58: 6 | B58: 46163 | AK58: 45992 | AL58: 202571649 | AM58: A2 | AN58: 1825BAC00/IND | AO58: 1
A59: 1 | B59: 46164 | AK59: 45992 | AL59: 202571648 | AM59: A2 | AN59: 1825BAA00/IND | AO59: 5
A60: 2 | B60: 46165 | AK60: 45992 | AL60: 202572905 | AM60: A2 | AN60: 1824WAA40/IND | AO60: 4
A61: 3 | B61: 46167 | AK61: 45992 | AL61: 202571179 | AM61: A2 | AN61: 9323SAK30/IND | AO61: 5 | AP61: 1
A62: 4 | B62: 46168 | AK62: 45992 | AL62: 202571650 | AM62: A2 | AN62: 1825SAC00/IND | AO62: 3
A63: 5 | B63: 46169 | AK63: 45992 | AL63: 202572435 | AM63: G2 | AN63: 2606WAC36/IND | AO63: 10
A64: 6 | B64: 46171 | AK64: 45992 | AL64: 202572415 | AM64: G2 | AN64: 1650BAD00/IND | AO64: 1
B65: 46172 | AK65: 45992 | AL65: 202571680 | AM65: G2 | AN65: 6248NAA31/IND | AO65: 1
B66: 46173 | AK66: 45992 | AL66: 202571154 | AM66: G6 | AN66: 3322NFA31/IND | AO66: 1
AK67: 45992 | AL67: 202571119 | AM67: G6 | AN67: 2481KAJ00/IND | AO67: 1 | AP67: 1
AK68: 45992 | AL68: 202570435 | AM68: G6 | AN68: 3240SAA00/IND | AO68: 2
AK69: 45992 | AL69: 202571170 | AM69: G6 | AN69: 6287WAA00/IND | AO69: 2
AK70: 45992 | AL70: 202571121 | AM70: G6 | AN70: 2578QAB31/IND | AO70: 1
B71: Scrap | AK71: 45992 | AL71: 202571504 | AM71: G6 | AN71: 2679YAA00/IND | AO71: 12 | AP71: 1
AK72: 45992 | AL72: 202570765 | AM72: G7 | AN72: 2659QAA31/IND | AO72: 19 | AP72: 1
C73: =SUBTOTAL(9,C75:C99) -> 13 | D73: =SUBTOTAL(9,D75:D99) -> 57 | E73: =SUBTOTAL(9,E75:E99) -> 12 | F73: =SUBTOTAL(9,F75:F99) -> 21 | G73: =SUBTOTAL(9,G75:G99) -> 5 | H73: =SUBTOTAL(9,H75:H99) -> 15 | I73: =SUBTOTAL(9,I75:I99) -> 87 | J73: =SUBTOTAL(9,J75:J99) -> 0 | ... N73: =SUBTOTAL(9,N75:N99) -> 5 | AK73: 45992 | AL73: 202570426 | AM73: A1 | AN73: 2670WAA31/IND | AO73: 1
B74: Date | C74: A1 | D74: A2 | E74: A3 | F74: G1 | G74: G2 | H74: G3 | I74: G4 | J74: G5 | K74: G6 | L74: G7 | M74: G8 | N74: PED | O74: PED-Auto | P74: KMC | Q74: RET | S74: Scrap | AK74: 45992 | AL74: 202571671 | AM74: G1 | AN74: 3317NSA31/IND | AO74: 4
A75: 1 | B75: 46146 | C75: 1 | D75: 25 | E75: 2 | F75: 2 | G75: 5 | H75: 2 | I75: 11 | K75: 7 | L75: 12 | M75: 5 | N75: 5 | T75: A1 | U75: A2 | V75: A3 | W75: G1 | X75: G2 | Y75: G3 | Z75: G4 | AA75: G5 | AB75: G6 | AC75: G7 | AD75: G8 | AE75: PED | AG75: KMC | AH75: RET | AK75: 45992 | AL75: 202556555 | AM75: G2 | AN75: 2608SAB31/IND | AO75: 0 | AP75: 3
A76: 2 | B76: 46147 | C76: 12 | D76: 18 | E76: 2 | F76: 15 | H76: 10 | I76: 24 | K76: 7 | L76: 3 | M76: 12 | S76: Week 1 | T76: =SUM(C75:C78) -> 13 | U76: =SUM(D75:D78) -> 57 | V76: =SUM(E75:E78) -> 12 | W76: =SUM(F75:F78) -> 21 | X76: =SUM(G75:G78) -> 5 | Y76: =SUM(H75:H78) -> 15 | Z76: =SUM(I75:I78) -> 87 | AA76: =SUM(J75:J78) -> 0 | ... AE76: =SUM(N75:N78) -> 5 | AG76: =SUM(P75:P79) -> 0 | AH76: =SUM(Q75:Q79) -> 0 | AK76: 45992 | AL76: 202566829 | AM76: G2 | AN76: 7133WAA31/IND | AO76: 0 | AP76: 3
A77: 3 | B77: 46148 | D77: 14 | E77: 8 | F77: 4 | H77: 3 | I77: 52 | K77: 10 | L77: 6 | M77: 9 | O77: 1 | S77: Week 2 | T77: =SUM(C79:C84) -> 0 | U77: =SUM(D79:D84) -> 0 | V77: =SUM(E79:E84) -> 0 | W77: =SUM(F79:F84) -> 0 | X77: =SUM(G79:G84) -> 0 | Y77: =SUM(H79:H84) -> 0 | Z77: =SUM(I79:I84) -> 0 | AA77: =SUM(J79:J84) -> 0 | ... AE77: =SUM(N79:N84) -> 0 | AG77: =SUM(P80:P84) -> 0 | AH77: =SUM(Q80:Q84) -> 0 | AK77: 45993 | AL77: 202571507 | AM77: G8 | AN77: 2769WAA31/IND | AO77: 10
A78: 4 | B78: 46149 | S78: Week 3 | T78: =SUM(C85:C90) -> 0 | U78: =SUM(D85:D90) -> 0 | V78: =SUM(E85:E90) -> 0 | W78: =SUM(F85:F90) -> 0 | X78: =SUM(G85:G90) -> 0 | Y78: =SUM(H85:H90) -> 0 | Z78: =SUM(I85:I90) -> 0 | AA78: =SUM(J85:J90) -> 0 | ... AE78: =SUM(N85:N90) -> 0 | AG78: =SUM(P85:P90) -> 0 | AH78: =SUM(Q85:Q90) -> 0 | AK78: 45993 | AL78: 202573033 | AM78: G8 | AN78: 3305SAA00/IND | AO78: 1 | AP78: 1
A79: 5 | B79: 46150 | S79: Week 4 | T79: =SUM(C91:C96) -> 0 | U79: =SUM(D91:D96) -> 0 | V79: =SUM(E91:E96) -> 0 | W79: =SUM(F91:F96) -> 0 | X79: =SUM(G91:G96) -> 0 | Y79: =SUM(H91:H96) -> 0 | Z79: =SUM(I91:I96) -> 0 | AA79: =SUM(J91:J96) -> 0 | ... AE79: =SUM(N91:N96) -> 0 | AG79: =SUM(P91:P96) -> 0 | AH79: =SUM(Q91:Q96) -> 0 | AK79: 45993 | AL79: 202572534 | AM79: G8 | AN79: 1775SEB00/IND | AO79: 0 | AP79: 1
A80: 1 | B80: 46151 | AK80: 45993 | AL80: 202572938 | AM80: G8 | AN80: 3305SAB00/IND | AO80: 1
A81: 2 | B81: 46153 | AK81: 45993 | AL81: 202572549 | AM81: G8 | AN81: 2590KAA00/IND | AO81: 5
A82: 3 | B82: 46154 | T82: A1 | U82: A2 | V82: A3 | W82: G1 | X82: G2 | Y82: G3 | Z82: G4 | AA82: G5 | AB82: G6 | AC82: G7 | AD82: G8 | AE82: PED | AG82: KMC | AH82: RET | AK82: 45993 | AL82: 202572548 | AM82: G8 | AN82: 2590BAA00/IND | AO82: 1
A83: 4 | B83: 46155 | S83: Week 1 | T83: =T76/1000 -> 0.013 | U83: =U76/1000 -> 0.057 | V83: =V76/1000 -> 0.012 | W83: =W76/1000 -> 0.021 | X83: =X76/1000 -> 0.005 | Y83: =Y76/1000 -> 0.015 | Z83: =Z76/1000 -> 0.087 | AA83: =AA76/1000 -> 0 | ... AE83: =AE76/1000 -> 0.005 | AG83: =AG76/1000 -> 0 | AH83: =AH76/1000 -> 0 | AK83: 45993 | AL83: 202572557 | AM83: G8 | AN83: 2702WAA31/IND | AO83: 9 | AP83: 4
A84: 5 | B84: 46156 | S84: Week 2 | T84: =T77/1000 -> 0 | U84: =U77/1000 -> 0 | V84: =V77/1000 -> 0 | W84: =W77/1000 -> 0 | X84: =X77/1000 -> 0 | Y84: =Y77/1000 -> 0 | Z84: =Z77/1000 -> 0 | AA84: =AA77/1000 -> 0 | ... AE84: =AE77/1000 -> 0 | AG84: =AG77/1000 -> 0 | AH84: =AH77/1000 -> 0 | AK84: 45993 | AL84: 202572819 | AM84: G8 | AN84: 1774SEA32/IND | AO84: 7
A85: 1 | B85: 46157 | S85: Week 3 | T85: =T78/1000 -> 0 | U85: =U78/1000 -> 0 | V85: =V78/1000 -> 0 | W85: =W78/1000 -> 0 | X85: =X78/1000 -> 0 | Y85: =Y78/1000 -> 0 | Z85: =Z78/1000 -> 0 | AA85: =AA78/1000 -> 0 | ... AE85: =AE78/1000 -> 0 | AG85: =AG78/1000 -> 0 | AH85: =AH78/1000 -> 0 | AK85: 45993 | AL85: 202572906 | AM85: G3 | AN85: 1825WAA40/IND | AO85: 34
A86: 2 | B86: 46158 | S86: Week 4 | T86: =T79/1000 -> 0 | U86: =U79/1000 -> 0 | V86: =V79/1000 -> 0 | W86: =W79/1000 -> 0 | X86: =X79/1000 -> 0 | Y86: =Y79/1000 -> 0 | Z86: =Z79/1000 -> 0 | AA86: =AA79/1000 -> 0 | ... AE86: =AE79/1000 -> 0 | AG86: =AG79/1000 -> 0 | AH86: =AH79/1000 -> 0 | AK86: 45993 | AL86: 202570446 | AM86: G3 | AN86: 6210WAD00/IND | AO86: 3
A87: 3 | B87: 46160 | AK87: 45993 | AL87: 202572431 | AM87: G3 | AN87: 1866SAA00/IND | AO87: 1
A88: 4 | B88: 46161 | AK88: 45993 | AL88: 202572574 | AM88: G4 | AN88: 3305QAB31/IND | AO88: 11 | AP88: 1
A89: 5 | B89: 46162 | AK89: 45993 | AL89: 202572452 | AM89: G4 | AN89: 3254NBA31/IND | AO89: 1
A90: 6 | B90: 46163 | AK90: 45993 | AL90: 202572907 | AM90: G4 | AN90: 1967SAA00/IND | AO90: 3
A91: 1 | B91: 46164 | AK91: 45993 | AL91: 202573009 | AM91: G4 | AN91: 1806SAA00/IND | AO91: 1
A92: 2 | B92: 46165 | AK92: 45993 | AL92: 202572563 | AM92: G4 | AN92: 3215SSA31/IND | AO92: 2
A93: 3 | B93: 46167 | AK93: 45993 | AL93: 202571538 | AM93: G4 | AN93: 8063YAA41/IND | AO93: 3
A94: 4 | B94: 46168 | AK94: 45993 | AL94: 202571124 | AM94: G4 | AN94: 2642SAA31/IND | AO94: 1
A95: 5 | B95: 46169 | AK95: 45993 | AL95: 202572552 | AM95: G4 | AN95: 2656WAB00/IND | AO95: 9 | AP95: 2
A96: 6 | B96: 46171 | AK96: 45993 | AL96: 202571168 | AM96: G4 | AN96: 6282WAB00/IND | AO96: 7
B97: 46172 | AK97: 45993 | AL97: 202570764 | AM97: G4 | AN97: 2656YAB00/IND | AO97: 1 | AP97: 2
B98: 46173 | AK98: 45993 | AL98: 202572477 | AM98: G4 | AN98: 6282QAB31/IND | AO98: 2
AK99: 45993 | AL99: 202572604 | AM99: A1 | AN99: 9151YAD40/IND | AO99: 14 | AP99: 1
AK100: 45993 | AL100: 202570927 | AM100: G4 | AN100: 1806QBH31/IND | AO100: 1 | AP100: 4
AK101: 45993 | AL101: 202568637 | AM101: G4 | AN101: 3330NAA31/IND | AO101: 5
...

Sheet PPC -input 
A1: Date | B1: Model no | C1: Qty | D1: Batch | E1: Gat | F1: Simple /Add on
A2: 46081 | B2: 10038QAA31/IND | C2: 165 | D2: 1 | E2: =VLOOKUP(B2,[2]Sheet1!$D:$AB,25,0) -> Regular-Gask | F2: Simple
A3: 46081 | B3: 1478SBG00/IND | C3: 133 | D3: 1 | E3: =VLOOKUP(B3,[2]Sheet1!$D:$AB,25,0) -> Regular-Adhe | F3: Simple
A4: 46081 | B4: 1585SAP00/IND | C4: 296 | D4: 1 | E4: =VLOOKUP(B4,[2]Sheet1!$D:$AB,25,0) -> Regular-Gask | F4: Simple | T4: No of models
A5: 46081 | B5: 1650BAD00/IND | C5: 112 | D5: 1 | E5: =VLOOKUP(B5,[2]Sheet1!$D:$AB,25,0) -> Regular-Gask | F5: Simple | J5: Sum of Qty | K5: Column Labels | T5: Row Labels | U5: Count of Qty
A6: 46081 | B6: 1802SAE30/IND | C6: 407 | D6: 1 | E6: =VLOOKUP(B6,[2]Sheet1!$D:$AB,25,0) -> Regular-Gask | F6: Simple | J6: Row Labels | K6: Add on | L6: Simple | M6: (blank) | N6: Grand Total | T6: 46081 | U6: 117
A7: 46081 | B7: 1802WAE30/IND | C7: 94 | D7: 1 | E7: =VLOOKUP(B7,[2]Sheet1!$D:$AB,25,0) -> Regular-Gask | F7: Simple | J7: 46081 | K7: 2366 | L7: 17268 | N7: 19634 | P7: =K7/N7 -> 0.12050525 | Q7: =L7/N7 -> 0.87949475 | T7: 46083 | U7: 124
A8: 46081 | B8: 1806SAE00/IND | C8: 291 | D8: 1 | E8: =VLOOKUP(B8,[2]Sheet1!$D:$AB,25,0) -> Regular-Gask | F8: Simple | J8: 46083 | K8: 2158 | L8: 21011 | N8: 23169 | P8: =K8/N8 -> 0.093141698 | Q8: =L8/N8 -> 0.9068583 | T8: 46084 | U8: 131
A9: 46081 | B9: 1849NSA31/IND | C9: 131 | D9: 1 | E9: =VLOOKUP(B9,[2]Sheet1!$D:$AB,25,0) -> MG Adhe + DR Adhe + Orientation | F9: Add on | J9: 46084 | K9: 1293 | L9: 22034 | N9: 23327 | P9: =K9/N9 -> 0.055429331 | Q9: =L9/N9 -> 0.94457067 | T9: 46085 | U9: 140
A10: 46081 | B10: 1849NSA32/IND | C10: 74 | D10: 1 | E10: =VLOOKUP(B10,[2]Sheet1!$D:$AB,25,0) -> MG Adhe + DR Adhe + Orientation | F10: Add on | J10: 46085 | K10: 1984 | L10: 20771 | N10: 22755 | P10: =K10/N10 -> 0.087189629 | Q10: =L10/N10 -> 0.91281037 | T10: 46086 | U10: 104
A11: 46081 | B11: 1955BAB00/IND | C11: 34 | D11: 1 | E11: =VLOOKUP(B11,[2]Sheet1!$D:$AB,25,0) -> Regular-Adhe | F11: Simple | J11: 46086 | K11: 1166 | L11: 14517 | N11: 15683 | P11: =K11/N11 -> 0.07434802 | Q11: =L11/N11 -> 0.92565198 | T11: 46087 | U11: 102
A12: 46081 | B12: 2370YAB00/IND | C12: 99 | D12: 1 | E12: =VLOOKUP(B12,[2]Sheet1!$D:$AB,25,0) -> Regular-Adhe | F12: Simple | J12: 46087 | K12: 2396 | L12: 12102 | N12: 14498 | P12: =K12/N12 -> 0.16526417 | Q12: =L12/N12 -> 0.83473583 | T12: 46090 | U12: 145
A13: 46081 | B13: 2481KAJ00/IND | C13: 372 | D13: 1 | E13: =VLOOKUP(B13,[2]Sheet1!$D:$AB,25,0) -> Regular-Gask | F13: Simple | J13: 46090 | K13: 3188 | L13: 23365 | N13: 26553 | P13: =K13/N13 -> 0.12006176 | Q13: =L13/N13 -> 0.87993824 | T13: 46091 | U13: 90
A14: 46081 | B14: 2497WAC31/IND | C14: 46 | D14: 1 | E14: =VLOOKUP(B14,[2]Sheet1!$D:$AB,25,0) -> Regular-Adhe | F14: Simple | J14: 46091 | K14: 3832 | L14: 14618 | N14: 18450 | P14: =K14/N14 -> 0.20769648 | Q14: =L14/N14 -> 0.79230352 | T14: 46092 | U14: 138
A15: 46081 | B15: 2569SAA33/IND | C15: 60 | D15: 1 | E15: =VLOOKUP(B15,[2]Sheet1!$D:$AB,25,0) -> Regular-Adhe | F15: Simple | J15: 46092 | K15: 4511 | L15: 17174 | N15: 21685 | P15: =K15/N15 -> 0.20802398 | Q15: =L15/N15 -> 0.79197602 | T15: 46093 | U15: 137
A16: 46081 | B16: 2570SAA32/IND | C16: 113 | D16: 1 | E16: =VLOOKUP(B16,[2]Sheet1!$D:$AB,25,0) -> Regular-Adhe | F16: Simple | J16: 46093 | K16: 2598 | L16: 15823 | N16: 18421 | P16: =K16/N16 -> 0.14103469 | Q16: =L16/N16 -> 0.85896531 | T16: 46094 | U16: 171
A17: 46081 | B17: 2578QAB31/IND | C17: 197 | D17: 1 | E17: =VLOOKUP(B17,[2]Sheet1!$D:$AB,25,0) -> Regular-Adhe | F17: Simple | J17: 46094 | K17: 6731 | L17: 28687 | N17: 35418 | P17: =K17/N17 -> 0.19004461 | Q17: =L17/N17 -> 0.80995539 | T17: 46095 | U17: 128
A18: 46081 | B18: 2594YAA00/IND | C18: 20 | D18: 1 | E18: =VLOOKUP(B18,[2]Sheet1!$D:$AB,25,0) -> Regular-Adhe | F18: Simple | J18: 46095 | K18: 3896 | L18: 14545 | N18: 18441 | P18: =K18/N18 -> 0.21126837 | Q18: =L18/N18 -> 0.78873163 | T18: 46097 | U18: 108
... A26: 46081 | B26: 2659WAA31/IND | C26: 112 | D26: 1 | E26: =VLOOKUP(B26,[2]Sheet1!$D:$AB,25,0) -> Regular-Adhe | F26: Simple | J26: 46107 | K26: 2046 | L26: 19330 | N26: 21376 | P26: =K26/N26 -> 0.09571482 | Q26: =L26/N26 -> 0.90428518 | T26: 46108 | U26: 111
A27: 46081 | B27: 2664SAB00/IND | C27: 60 | D27: 1 | E27: =VLOOKUP(B27,[2]Sheet1!$D:$AB,25,0) -> Regular-Gask | F27: Simple | J27: 46108 | K27: 1655 | L27: 12441 | N27: 14096 | P27: =K27/N27 -> 0.11740919 | Q27: =L27/N27 -> 0.88259081 | T27: (blank)
A28: 46081 | B28: 2684WAA00/IND | C28: 85 | D28: 1 | E28: =VLOOKUP(B28,[2]Sheet1!$D:$AB,25,0) -> Regular-Gask | F28: Simple | J28: (blank) | P28: =K28/N28 -> #DIV/0! | Q28: =L28/N28 -> #DIV/0! | T28: Grand Total | U28: 2593
A29: 46081 | B29: 2758YAA00/IND | C29: 176 | D29: 1 | E29: =VLOOKUP(B29,[2]Sheet1!$D:$AB,25,0) -> Regular-Adhe | F29: Simple | J29: Grand Total | K29: 53422 | L29: 376994 | N29: 430416 | P29: =K29/N29 -> 0.12411713 | Q29: =L29/N29 -> 0.87588287
A30: 46081 | B30: 3270WCB31/IND | C30: 65 | D30: 1 | E30: =VLOOKUP(B30,[2]Sheet1!$D:$AB,25,0) -> MG Adhe + DR Adhe + PB assly | F30: Add on
A31: 46081 | B31: 3287KDA30/IND | C31: 306 | D31: 1 | E31: =VLOOKUP(B31,[2]Sheet1!$D:$AB,25,0) -> MG Gask + PB assembly | F31: Add on
A32: 46081 | B32: 3287WAB00/IND | C32: 63 | D32: 1 | E32: =VLOOKUP(B32,[2]Sheet1!$D:$AB,25,0) -> MG Gask + PB assembly | F32: Add on
A33: 46081 | B33: 3287WCA00/IND | C33: 313 | D33: 1 | E33: =VLOOKUP(B33,[2]Sheet1!$D:$AB,25,0) -> MG Gask + PB assembly | F33: Add on
A34: 46081 | B34: 3290SAA00/IND | C34: 220 | D34: 1 | E34: =VLOOKUP(B34,[2]Sheet1!$D:$AB,25,0) -> Regular-Gask | F34: Simple
A35: 46081 | B35: 3317SAA00/IND | C35: 107 | D35: 1 | E35: =VLOOKUP(B35,[2]Sheet1!$D:$AB,25,0) -> Regular-Gask | F35: Simple
A36: 46081 | B36: 3318SAA00/IND | C36: 263 | D36: 1 | E36: =VLOOKUP(B36,[2]Sheet1!$D:$AB,25,0) -> Regular-Gask (double side) | F36: Simple
A37: 46081 | B37: 3321NDA31/IND | C37: 30 | D37: 1 | E37: =VLOOKUP(B37,[2]Sheet1!$D:$AB,25,0) -> MG Adhe + DR Adhe + PB assly | F37: Add on
A38: 46081 | B38: 3321NDA32/IND | C38: 113 | D38: 1 | E38: =VLOOKUP(B38,[2]Sheet1!$D:$AB,25,0) -> MG Adhe + DR Adhe + PB assly | F38: Add on
A39: 46081 | B39: 3321QDA31/IND | C39: 353 | D39: 1 | E39: =VLOOKUP(B39,[2]Sheet1!$D:$AB,25,0) -> MG Adhe + DR Adhe + PB assly | F39: Add on
A40: 46081 | B40: 3321QDA33/IND | C40: 165 | D40: 1 | E40: =VLOOKUP(B40,[2]Sheet1!$D:$AB,25,0) -> MG Adhe + DR Adhe + PB assly | F40: Add on
A41: 46081 | B41: 3321SDA31/IND | C41: 228 | D41: 1 | E41: =VLOOKUP(B41,[2]Sheet1!$D:$AB,25,0) -> MG Adhe + DR Adhe + PB assly | F41: Add on
... A338: 46084 | B338: 2647WAA31/IND | C338: 0 | D338: 2 | E338: =VLOOKUP(B338,[2]Sheet1!$D:$AB,25,0) -> MG Gask + BR Gask | F338: Add on
A339: 46084 | B339: 2648NAA12/IND | C339: 0 | D339: 2 | E339: Regular+ Adheisve | F339: Simple
A340: 46084 | B340: 2648NAA31/IND | C340: 150 | D340: 2 | E340: =VLOOKUP(B340,[2]Sheet1!$D:$AB,25,0) -> Regular-Gask | F340: Simple
A341: 46084 | B341: 2648QAA31/IND | C341: 269 | D341: 2 | E341: =VLOOKUP(B341,[2]Sheet1!$D:$AB,25,0) -> Regular-Gask | F341: Simple
A342: 46084 | B342: 2648QAF31/IND | C342: 0 | D342: 2 | E342: =VLOOKUP(B342,[2]Sheet1!$D:$AB,25,0) -> Regular-Gask | F342: Simple
A343: 46084 | B343: 2649WAA31/IND | C343: 149 | D343: 2 | E343: =VLOOKUP(B343,[2]Sheet1!$D:$AB,25,0) -> Regular-Adhe | F343: Simple
A344: 46084 | B344: 2679NAA31/IND | C344: 105 | D344: 2 | E344: =VLOOKUP(B344,[2]Sheet1!$D:$AB,25,0) -> Regular-Gask | F344: Simple
A345: 46084 | B345: 2683WAA30/IND | C345: 31 | D345: 2 | E345: =VLOOKUP(B345,[2]Sheet1!$D:$AB,25,0) -> Regular-Gask | F345: Simple
A346: 46084 | B346: 2783SAA31/IND | C346: 130 | D346: 2 | E346: =VLOOKUP(B346,[2]Sheet1!$D:$AB,25,0) -> Regular-Adhe | F346: Simple
A347: 46084 | B347: 3147KSA32/IND | C347: 61 | D347: 2 | E347: =VLOOKUP(B347,[2]Sheet1!$D:$AB,25,0) -> MG Sticker + DR Sticker | F347: Add on
A348: 46084 | B348: 3246NSA31/IND | C348: 84 | D348: 2 | E348: =VLOOKUP(B348,[2]Sheet1!$D:$AB,25,0) -> Regular-Gask | F348: Simple
A349: 46084 | B349: 3246SAA00/IND | C349: 56 | D349: 2 | E349: =VLOOKUP(B349,[2]Sheet1!$D:$AB,25,0) -> Regular-Gask | F349: Simple
A350: 46084 | B350: 3291SAA00/IND | C350: 544 | D350: 2 | E350: =VLOOKUP(B350,[2]Sheet1!$D:$AB,25,0) -> Regular-Gask | F350: Simple
A351: 46084 | B351: 3300NAA31/IND | C351: 45 | D351: 2 | E351: =VLOOKUP(B351,[2]Sheet1!$D:$AB,25,0) -> Regular-Adhe | F351: Simple
... A1864: 46099 | B1864: 1739YAA00/IND | C1864: 383 | D1864: 2 | E1864: =VLOOKUP(B1864,[2]Sheet1!$D:$AB,25,0) -> Regular-Gask | F1864: Simple
A1865: 46099 | B1865: 1767SED31/IND | C1865: 1000 | D1865: 2 | E1865: Regular+ Adheisve | F1865: Simple
A1866: 46099 | B1866: 1773SAA00/IND | C1866: 85 | D1866: 2 | E1866: =VLOOKUP(B1866,[2]Sheet1!$D:$AB,25,0) -> Regular-Gask | F1866: Simple
A1867: 46099 | B1867: 1775KEA00/IND | C1867: 93 | D1867: 2 | E1867: =VLOOKUP(B1867,[2]Sheet1!$D:$AB,25,0) -> Regular-Gask | F1867: Simple
A1868: 46099 | B1868: 1802SAE30/IND | C1868: 115 | D1868: 2 | E1868: =VLOOKUP(B1868,[2]Sheet1!$D:$AB,25,0) -> Regular-Gask | F1868: Simple
A1869: 46099 | B1869: 1823YAA31/IND | C1869: 92 | D1869: 2 | E1869: =VLOOKUP(B1869,[2]Sheet1!$D:$AB,25,0) -> Regular-Gask | F1869: Simple
A1870: 46099 | B1870: 1862SAA00/IND | C1870: 67 | D1870: 2 | E1870: =VLOOKUP(B1870,[2]Sheet1!$D:$AB,25,0) -> Regular-Gask | F1870: Simple
A1871: 46099 | B1871: 2565SAA00/IND | C1871: 96 | D1871: 2 | E1871: =VLOOKUP(B1871,[2]Sheet1!$D:$AB,25,0) -> Regular-Gask | F1871: Simple
A1872: 46099 | B1872: 2576WAC31/IND | C1872: 137 | D1872: 2 | E1872: =VLOOKUP(B1872,[2]Sheet1!$D:$AB,25,0) -> Regular-Adhe | F1872: Simple
A1873: 46099 | B1873: 2577WAB31/IND | C1873: 27 | D1873: 2 | E1873: =VLOOKUP(B1873,[2]Sheet1!$D:$AB,25,0) -> Regular-Adhe | F1873: Simple
A1874: 46099 | B1874: 2594YAA00/IND | C1874: 176 | D1874: 2 | E1874: =VLOOKUP(B1874,[2]Sheet1!$D:$AB,25,0) -> Regular-Adhe | F1874: Simple
A1875: 46099 | B1875: 2598YAA30/IND | C1875: 141 | D1875: 2 | E1875: =VLOOKUP(B1875,[2]Sheet1!$D:$AB,25,0) -> Regular-Gask | F1875: Simple
A1876: 46099 | B1876: 2680WAA00/IND | C1876: 354 | D1876: 2 | E1876: =VLOOKUP(B1876,[2]Sheet1!$D:$AB,25,0) -> Regular-Adhe | F1876: Simple
A1877: 46099 | B1877: 2760QAA00/IND | C1877: 359 | D1877: 2 | E1877: =VLOOKUP(B1877,[2]Sheet1!$D:$AB,25,0) -> Regular-Gask | F1877: Simple
... A2124: 46105 | B2124: 1767SEA33/IND | C2124: 579 | D2124: 1 | E2124: =VLOOKUP(B2124,[2]Sheet1!$D:$AB,25,0) -> Regular-Adhe | F2124: Simple
A2125: 46105 | B2125: 1767SED31/IND | C2125: 1000 | D2125: 1 | E2125: Regular+ Adheisve | F2125: Simple
A2126: 46105 | B2126: 2589SAA31/IND | C2126: 255 | D2126: 1 | E2126: =VLOOKUP(B2126,[2]Sheet1!$D:$AB,25,0) -> Regular-Adhe | F2126: Simple
A2127: 46105 | B2127: 2622WAA31/IND | C2127: 146 | D2127: 1 | E2127: =VLOOKUP(B2127,[2]Sheet1!$D:$AB,25,0) -> Regular-Adhe | F2127: Simple
A2128: 46105 | B2128: 2648QAE00/IND | C2128: 470 | D2128: 1 | E2128: =VLOOKUP(B2128,[2]Sheet1!$D:$AB,25,0) -> Regular-Gask | F2128: Simple
A2129: 46105 | B2129: 2649WAC00/IND | C2129: 193 | D2129: 1 | E2129: =VLOOKUP(B2129,[2]Sheet1!$D:$AB,25,0) -> Regular-Gask | F2129: Simple
A2130: 46105 | B2130: 2698WAA31/IND | C2130: 126 | D2130: 1 | E2130: =VLOOKUP(B2130,[2]Sheet1!$D:$AB,25,0) -> MG Adhe + DR Adhe | F2130: Add on
A2131: 46105 | B2131: 2727WAA31/IND | C2131: 47 | D2131: 1 | E2131: =VLOOKUP(B2131,[2]Sheet1!$D:$AB,25,0) -> Regular-Adhe | F2131: Simple
A2132: 46105 | B2132: 2773WAA31/IND | C2132: 152 | D2132: 1 | E2132: =VLOOKUP(B2132,[2]Sheet1!$D:$AB,25,0) -> Regular-Adhe | F2132: Simple
A2133: 46105 | B2133: 3222SSA00/IND | C2133: 158 | D2133: 1 | E2133: =VLOOKUP(B2133,[2]Sheet1!$D:$AB,25,0) -> Regular-Gask | F2133: Simple
A2134: 46105 | B2134: 3273SAA31/IND | C2134: 104 | D2134: 1 | E2134: =VLOOKUP(B2134,[2]Sheet1!$D:$AB,25,0) -> Regular-Adhe | F2134: Simple
A2135: 46105 | B2135: 3277SCB00/IND | C2135: 25 | D2135: 1 | E2135: =VLOOKUP(B2135,[2]Sheet1!$D:$AB,25,0) -> Regular-Gask | F2135: Simple
A2136: 46105 | B2136: 3308KKA31/IND | C2136: 53 | D2136: 1 | E2136: =VLOOKUP(B2136,[2]Sheet1!$D:$AB,25,0) -> MG Adhe + DR Adhe | F2136: Add on
A2137: 46105 | B2137: 6093WAB31/IND | C2137: 49 | D2137: 1 | E2137: =VLOOKUP(B2137,[2]Sheet1!$D:$AB,25,0) -> MG Adhe + Activator | F2137: Add on
... A2366: 46107 | B2366: 1731SAA31/IND | C2366: 38 | D2366: 1 | E2366: =VLOOKUP(B2366,[2]Sheet1!$D:$AB,25,0) -> Regular-Adhe | F2366: Simple
A2367: 46107 | B2367: 1767SED31/IND | C2367: 4899 | D2367: 1 | E2367: Regular+ Adheisve | F2367: Simple
A2368: 46107 | B2368: 1802WAF00/IND | C2368: 35 | D2368: 1 | E2368: =VLOOKUP(B2368,[2]Sheet1!$D:$AB,25,0) -> Regular-Gask | F2368: Simple
A2369: 46107 | B2369: 1803NSB31/IND | C2369: 28 | D2369: 1 | E2369: =VLOOKUP(B2369,[2]Sheet1!$D:$AB,25,0) -> MG Gask + PB assembly | F2369: Add on
A2370: 46107 | B2370: 1805SAK31/IND | C2370: 130 | D2370: 1 | E2370: =VLOOKUP(B2370,[2]Sheet1!$D:$AB,25,0) -> MG Adhe + PB assembly | F2370: Add on
A2371: 46107 | B2371: 1806QBH31/IND | C2371: 191 | D2371: 1 | E2371: =VLOOKUP(B2371,[2]Sheet1!$D:$AB,25,0) -> Regular-Gask | F2371: Simple
A2372: 46107 | B2372: 1806YAE00/IND | C2372: 123 | D2372: 1 | E2372: =VLOOKUP(B2372,[2]Sheet1!$D:$AB,25,0) -> Regular-Gask | F2372: Simple
A2373: 46107 | B2373: 1824NAB00/IND | C2373: 32 | D2373: 1 | E2373: =VLOOKUP(B2373,[2]Sheet1!$D:$AB,25,0) -> Regular-Gask | F2373: Simple
A2374: 46107 | B2374: 1825SAC00/IND | C2374: 86 | D2374: 1 | E2374: =VLOOKUP(B2374,[2]Sheet1!$D:$AB,25,0) -> Regular-Gask | F2374: Simple
A2375: 46107 | B2375: 1849WAA31/IND | C2375: 33 | D2375: 1 | E2375: =VLOOKUP(B2375,[2]Sheet1!$D:$AB,25,0) -> MG Adhe + DR Adhe + Orientation | F2375: Add on
A2376: 46107 | B2376: 1849YAA31/IND | C2376: 103 | D2376: 1 | E2376: =VLOOKUP(B2376,[2]Sheet1!$D:$AB,25,0) -> MG Adhe + DR Adhe + Orientation | F2376: Add on
A2377: 46107 | B2377: 1870YAB40/IND | C2377: 47 | D2377: 1 | E2377: =VLOOKUP(B2377,[2]Sheet1!$D:$AB,25,0) -> Regular-Gask | F2377: Simple
A2378: 46107 | B2378: 2131YAB00/IND | C2378: 146 | D2378: 1 | E2378: =VLOOKUP(B2378,[2]Sheet1!$D:$AB,25,0) -> Regular-Adhe | F2378: Simple
A2379: 46107 | B2379: 2481KAJ00/IND | C2379: 29 | D2379: 1 | E2379: =VLOOKUP(B2379,[2]Sheet1!$D:$AB,25,0) -> Regular-Gask | F2379: Simple
... A2435: 46107 | B2435: 1698SAF00/IND | C2435: 103 | D2435: 2 | E2435: =VLOOKUP(B2435,[2]Sheet1!$D:$AB,25,0) -> Regular-Gask | F2435: Simple
A2436: 46107 | B2436: 1767SED31/IND | C2436: 341 | D2436: 2 | E2436: Regular+ Adheisve | F2436: Simple
A2437: 46107 | B2437: 1775BEA00/IND | C2437: 55 | D2437: 2 | E2437: =VLOOKUP(B2437,[2]Sheet1!$D:$AB,25,0) -> Regular-Gask | F2437: Simple
A2438: 46107 | B2438: 1803NSB31/IND | C2438: 176 | D2438: 2 | E2438: =VLOOKUP(B2438,[2]Sheet1!$D:$AB,25,0) -> MG Gask + PB assembly | F2438: Add on
A2439: 46107 | B2439: 1823WAD00/IND | C2439: 242 | D2439: 2 | E2439: =VLOOKUP(B2439,[2]Sheet1!$D:$AB,25,0) -> Regular-Gask | F2439: Simple
A2440: 46107 | B2440: 1824BAA40/IND | C2440: 151 | D2440: 2 | E2440: =VLOOKUP(B2440,[2]Sheet1!$D:$AB,25,0) -> Regular-Gask | F2440: Simple
A2441: 46107 | B2441: 1824WAA40/IND | C2441: 224 | D2441: 2 | E2441: =VLOOKUP(B2441,[2]Sheet1!$D:$AB,25,0) -> Regular-Gask | F2441: Simple
A2442: 46107 | B2442: 1824YAB00/IND | C2442: 39 | D2442: 2 | E2442: =VLOOKUP(B2442,[2]Sheet1!$D:$AB,25,0) -> Regular-Gask | F2442: Simple
A2443: 46107 | B2443: 1825KAC00/IND | C2443: 160 | D2443: 2 | E2443: =VLOOKUP(B2443,[2]Sheet1!$D:$AB,25,0) -> Regular-Gask | F2443: Simple
A2444: 46107 | B2444: 1825SAC00/IND | C2444: 52 | D2444: 2 | E2444: =VLOOKUP(B2444,[2]Sheet1!$D:$AB,25,0) -> Regular-Gask | F2444: Simple
...
